name,description,designer,artist,publisher,min_players,max_players,min_playtime,max_playtime,playing_time,min_age,complexity_rating,user_ratings,user_comments,type,category,mechanism,family,year,average_rating
Mosaic: GenCon 2022 Promo Pack 2,second set of 5 different promo cards,,,Forbidden Games,1.0,6.0,,,,,,11,9,Uncategorized,Expansion for Base-game,,,2022,7.7
Drunk Tales: The Horror Movie,"Race to become the sole horror movie survivor, get drunk, or both.","Adam Elliott, Marc Inneo",Adam Elliott,Drunk Tales,3.0,6.0,30.0,120.0,75.0,21.0,,1,0,Uncategorized,"Horror, Humor, Mature / Adult, Movies / TV / Radio theme, Party Game","Lose a Turn, Player Judge, Race, Roll / Spin and Move, Singing, + 4 more",Category: Drinking Games,2022,7.0
Twilight of the Gods: Age of Tribulations,"Utilize armies, mystical beasts, and heroes of renown in an epic battle to the death!","Chris Kluwe, Greg Kluwe, Chris Morgan, Justin Nouget",Clark Miller,Victory Point Games,2.0,4.0,20.0,30.0,25.0,14.0,3.5,6,4,Uncategorized,"Card Game, Mythology","Deck Construction, Hand Management, Memory, Open Drafting, Trading, Variable Player Powers",,2022,6.0
Warhammer Underworlds: Nethermaze – Deadly Depths Rivals Deck,A rivals deck for Warhammer Underworlds.,,,Games Workshop Ltd.,2.0,4.0,30.0,60.0,45.0,12.0,,4,2,Uncategorized,"Expansion for Base-game, + 3 more","Card Play Conflict Resolution, Dice Rolling, Variable Player Powers",Game: Warhammer Underworlds,2022,8.3
On the Road,"Tour with your band, get some new fans, and end up on stage!","Gabriele Bubola, Leo Colovini",Miguel Coimbra,Helvetiq,2.0,4.0,20.0,30.0,25.0,8.0,1.5,45,13,Uncategorized,,,Admin: Upcoming Releases,2023,5.7
Bestiary,Mix creature parts to create original chimeras.,Pablo Zamalvide,Pablo Zamalvide,(Web published),2.0,4.0,10.0,15.0,12.5,8.0,1.0,1,0,Uncategorized,"Card Game, Children's Game, Print & Play","Open Drafting, Pattern Building",,2022,8.0
Die Festung Hamburg,NATO vs. Warsaw Pact in the North German Plain,Fabrizio Vianello,Fabrizio Vianello,Thin Red Line Games,1.0,4.0,180.0,600.0,390.0,16.0,4.2,40,19,Wargames,"Modern Warfare, Wargame","Dice Rolling, Hexagon Grid, Simulation, Zone of Control","Country: Germany, Country: Netherlands, Country: Soviet Union, History: Cold War, Series: C3 Series (Thin Red Line Games), Theme: Alternate History, + 1 more",2022,9.5
Flick Racers,Flick and race on your table.,"Simon Konski, Jeppeh Olsen",,Det Dårlige Selskab,2.0,6.0,45.0,60.0,52.5,14.0,,1,1,Uncategorized,Racing,"Flicking, Race",,2022,8.0
Grammar Police,Correctly identify all the grammatical and/or spelling mistakes in sentences.,,,Bubblegum Stuff,4.0,99.0,30.0,60.0,45.0,12.0,,3,2,Uncategorized,Word Game,Team-Based Game,,2020,3.0
Shan Khay,Roll a dice and make mathematica operations,,,Diset S. A.,,,,,,,,1,0,Uncategorized,Number,Dice Rolling,,1998,5.0
Incountry,Fast-playing modern tactical miniatures using individual warfighter units.,Head Goon,,Enemy Spotted Studios,2.0,4.0,20.0,20.0,20.0,14.0,,5,1,Wargames,"Miniatures, Modern Warfare, Wargame",,"Admin: Upcoming Releases, Crowdfunding: Kickstarter",2022,8.4
Forage: A 9 card solitaire game,"Search the woodland and gather wild food, but watch out for those hungry mice!",Mark Tuck,Mark Tuck,"(Web published), Gém Klub Kft., Giga Mech Games",1.0,1.0,5.0,10.0,7.5,8.0,1.0,33,59,Uncategorized,"Abstract Strategy, Card Game, Print & Play","Melding and Splaying, Pattern Building, Solo / Solitaire Game, Tile Placement","Crowdfunding: Kickstarter, Mechanism: Partially overlapping cards, Players: Games with Solitaire Rules, Players: Solitaire Only Card Games, Players: Solitaire Only Games, Theme: Food / Cooking, + 1 more",2022,8.0
The Witcher: Old World – Big Box,"Explore the Continent, improve your skills, and fight other witchers for trophies.",Łukasz Woźniak,Damien Mammoliti,Go On Board + 5 more,1.0,5.0,90.0,150.0,120.0,14.0,2.5,74,18,Uncategorized,,,Admin: Upcoming Releases,2023,8.5
The Last Labour of Hercules: The English at Tangier versus the Sultanate of Morocco 1662-1684,Pike and Shot era historically accurate wargame on an obscure topic.,Ian Weir,Ian Weir,"Blue Panther, Red Sash Games",1.0,2.0,180.0,360.0,270.0,14.0,3.0,3,1,Wargames,"Arabian, Pike and Shot, Print & Play, Wargame","Campaign / Battle Card Driven, Point to Point Movement",Country: Morocco,2022,8.2
Cthulhu: Death May Die – Fear of the Unknown,"Face new monsters, insanities, and rules in this standalone core box.","Rob Daviau, Eric M. Lang, Marco Portugal","Helder Almeida, Nicolas Fructus, Stef Kopinski, Karl Kopinski + 3 more",CMON Global Limited,1.0,5.0,90.0,90.0,90.0,14.0,3.0,30,141,Uncategorized,"Fantasy, Fighting, Horror, Miniatures, Novel-based","Action Points, Cooperative Game, Dice Rolling, Scenario / Mission / Campaign Game, Solo / Solitaire Game, Variable Player Powers","Admin: Upcoming Releases, Category: Dungeon Crawler, Components: Dice with Icons, Components: Miniatures, Creatures: Monsters, Crowdfunding: Kickstarter, + 3 more",2023,9.0
Escape Room Z,Work together to escape these pizza-hungry zombies... before YOU end up on the menu!,"Elliott Bailey, Mitchel Bailey",,Lock Paper Scissors,2.0,99.0,40.0,60.0,50.0,16.0,4.0,1,1,Uncategorized,"Adventure, Party Game, Print & Play, Puzzle, Real-time, Zombies","Cooperative Game, Real-Time, Team-Based Game","Category: Escape Room Games, Components: Digital Hybrid – App/Website Required, Creatures: Zombies, Food & Drink: Pizza, Misc: No Table Needed, Theme: Post-Apocalyptic",2016,9.0
Escape Quest,"Oh no, you're lost in time! Work together to make it home... before you're dino-chow!","Elliott Bailey, Mitchel Bailey",,Lock Paper Scissors,2.0,99.0,30.0,60.0,45.0,6.0,1.0,1,1,Uncategorized,"Adventure, Children's Game, Party Game, Print & Play, Puzzle, + 2 more","Cooperative Game, Real-Time, Team-Based Game","Category: Escape Room Games, Components: Digital Hybrid – App/Website Required, Misc: No Table Needed, Theme: Time Travel",2016,9.0
Lone Sherman: A Solitaire Wargame,Navigate your Sherman to accomplish dangerous missions.,Mike Lambo,Mike Lambo,(Self-Published),1.0,1.0,10.0,90.0,50.0,14.0,2.18,96,45,Wargames,"Wargame, World War II","Action Drafting, Action/Event, Dice Rolling, Events, Hexagon Grid, + 2 more","Country: France, Country: Germany, Country: United Kingdom, Country: USA, Players: Solitaire Only Games, Players: Solitaire Only Wargames, + 1 more",2022,8.6
Batman: Infiltration,"Debate, bluff, strategize and bring Batman (or his enemies) to victory!",,,404 editions,5.0,10.0,30.0,60.0,45.0,14.0,2.0,5,3,Uncategorized,"Comic Book / Strip, Party Game, Spies/Secret Agents","Roles with Asymmetric Information, Team-Based Game",Comic Books: Batman,2022,6.4
Doom Pilgrim,An adventurer builds his fate in a grimdark medieval world trying to avoid his doom.,Waclaw Traier,Waclaw Traier,War Claw Games,1.0,4.0,15.0,120.0,67.5,18.0,2.0,17,6,Uncategorized,"Adventure, Card Game, Exploration, Fantasy, Horror, Medieval","Events, Role Playing","Admin: Upcoming Releases, Category: Print-on-Demand, Crowdfunding: Game Crafter Crowd Sale",2022,8.7
Family Party,Challenge your family and friends in many ways.,,,Erickson,3.0,6.0,20.0,20.0,20.0,7.0,,2,0,Uncategorized,Party Game,,,2020,6.0
OMNIA Beginnings: Season 1,"Elves, Zombies, Dragons and... a bustling Marketplace?",Nicholas Awze Savato Wiltse,,We the Bards,2.0,2.0,,,,,,1,0,Uncategorized,"Card Game, Collectible Components",,Collectible: Collectible Card Games,2022,10.0
Pax Hispanica,"Pirate? Preacher? Prince? Find your story, from teen to peer in the 1600's Caribbean!",Phil Eklund,Anne Isaksson,"Ion Game Design, Sierra Madre Games + 1 more",1.0,5.0,60.0,150.0,105.0,14.0,4.0,38,42,Uncategorized,"Economic, Nautical, Negotiation, Pirates","Area Movement, Auction/Bidding, Push Your Luck, Rock-Paper-Scissors, Secret Unit Deployment","Admin: Upcoming Releases, Mechanism: Tableau Building, Region: Caribbean Sea, Series: Pax, Theme: Colonial",2024,8.1
,Manage your polyominoes wisely.,,,CreativaMente,1.0,4.0,,,,6.0,,2,0,Uncategorized,Puzzle,,,,6.0
Guadalcanal Solitaire,"Lead the 1st Marine division, tasked with holding Guadalcanal against the Japanese.","Sean Cooke, Derek Croxton, Mike Wylie, Grant Wylie",,"Worthington Publishing, LLC",1.0,1.0,,,,,3.0,14,9,Wargames,"Wargame, World War II","Dice Rolling, Paper-and-Pencil, Push Your Luck, Solo / Solitaire Game","History: World War II (Pacific), Mechanism: Static Battle, Players: Solitaire Only Wargames, Series: Worthington Original Bookgames",2022,6.5
Werwölfe: Schnupperpack,Add a Brief Description,Ted Alspach,,Pegasus Spiele,6.0,10.0,30.0,90.0,60.0,8.0,,2,1,Uncategorized,"Bluffing, Card Game, Deduction, Horror, Murder/Mystery, + 2 more","Hidden Roles, Player Elimination, Role Playing, Roles with Asymmetric Information, Team-Based Game, + 2 more","Creatures: Werewolves, Game: Werewolf / Mafia",2009,3.5
Niemen 1920,Operational level 2 player wargame of the 1920's Russo-Polish War battle of Niemen.,Wojciech Zalewski,,Taktyka i Strategia,2.0,2.0,,,,12.0,2.0,2,0,Wargames,Wargame,"Dice Rolling, Grid Movement, Hexagon Grid, Movement Points, Ratio / Combat Results Table, Zone of Control","Country: Poland, Country: Russia, Decades: The 1920's, History: Interwar period, History: Polish-Soviet War (1919-1921), Players: Two Player Only Games, + 2 more",2022,7.5
Cross Clues: Tantrum House Promo Pack,More fun with board game clues.,Grégory Grard,,Blue Orange Games,2.0,6.0,5.0,10.0,7.5,7.0,,1,2,Uncategorized,"Expansion for Base-game, + 3 more","Cooperative Game, Real-Time","Components: Sand Timers, Crowdfunding: Kickstarter, Promotional: Tantrum House",2022,7.0
Dungeon Drop: Fire Gnome Promo Card,Newer underestimate a burning gnome,Scott R. Smith,Marília Nascimento,Phase Shift Games,2.0,4.0,10.0,20.0,15.0,8.0,,2,5,Uncategorized,"Adventure, Expansion for Base-game, Fantasy","Enclosure, Flicking, Modular Board, Open Drafting, Push Your Luck, + 4 more","Category: Dungeon Crawler, Containers: Cubes, Crowdfunding: Kickstarter, Game: Dungeon Drop, Players: Games with Solitaire Rules, Promotional: Tantrum House",2022,9.0
Tavern Tales: Consumables Promo Card,More fancy stuff for your adventure!,Gregory Skulnick,Gong Studios,Phase Shift Games,2.0,5.0,20.0,30.0,25.0,8.0,,1,4,Uncategorized,"Expansion for Base-game, + 2 more","Auction/Bidding, Deduction, Hand Management, Push Your Luck, Set Collection, Variable Player Powers","Crowdfunding: Kickstarter, Game: Dungeon Drop, Promotional: Tantrum House",2022,9.0
Escape Room: The Game – Superhelden Next Generation,Assemble a team of superheroes and try to escape.,,,Identity Games International B.V.,3.0,5.0,60.0,60.0,60.0,16.0,,2,1,Uncategorized,"Expansion for Base-game, + 1 more","Cooperative Game, Deduction, Elapsed Real Time Ending","Category: Escape Room Games, Series: Escape Room – The Game (Identity Games…",2022,9.0
Escape Room: The Game – Puzzle Adventures: Mission Mayday,"Mayday Mayday, can you help them.",,,Identity Games International B.V. + 1 more,1.0,2.0,120.0,120.0,120.0,16.0,2.0,25,13,Uncategorized,Puzzle,"Cooperative Game, Deduction, Elapsed Real Time Ending, Solo / Solitaire Game","Category: Escape Room Games, Series: Escape Room – The Game (Identity Games…",2022,7.2
Monolyth,Use polyominoes to build a valuable monolith.,Phil Walker-Harding,Davide Tosello,CMON Global Limited,1.0,4.0,30.0,30.0,30.0,8.0,1.55,251,46,Uncategorized,Abstract Strategy,"Open Drafting, Pattern Building",,2022,7.1
Magic: The Gathering – The Brothers' War,Giant robots clash as the mechanized armies of Urza and Mishra march to war!,"Doug Beyer, Corey Bowen, Andrew Brown, Melissa DeTora + 13 more","Matt Cavotta, Steph Cheung, Jehan Choo, Daniel Corona + 12 more",Wizards of the Coast,2.0,8.0,,,,13.0,4.0,9,1,Uncategorized,"Card Game, Collectible Components, Expansion for Base-game, Fantasy, Fighting","Closed Drafting, Deck Construction, Hand Management, Income, Interrupts, + 2 more","Admin: Upcoming Releases, Game: Magic The Gathering, Setting: Dominaria (Magic: The Gathering), Theme: Archaeology / Paleontology, Theme: Mech Warfare, Theme: Robots, + 1 more",2022,7.4
Relative Insanity: Big Daddy's Expansion Pack #1,We've all got at least 1 crazy family member. If you don't know who...it's you!,Jeff Foxworthy,,PlayMonster,4.0,12.0,,,,14.0,,1,3,Uncategorized,"Expansion for Base-game, + 1 more","Connections, Deduction, Hand Management, Player Judge",,2019,5.5
Andor Junior: Mini-Erweiterung – Die Steine Des Schicksals,PnP mini-expansion with a new fantastic adventure for Andor Junior.,Michael Menzel,"Inka Brand, Markus Brand",KOSMOS,,,,,,,,3,1,Uncategorized,"Adventure, Fantasy, Fighting, Print & Play, Puzzle","Area Movement, Cooperative Game, Dice Rolling, Variable Player Powers","Game: Legends of Andor, Versions & Editions: Adult Versions of…",2020,7.8
,Control Nobles from your house and vie for control of lesser Nobles.,,Nicolás Eskubi,Multi-Man Publishing,2.0,2.0,,,,,2.0,1,1,Wargames,"Medieval, Wargame",Area Movement,"Admin: Upcoming Releases, History: Wars of the Roses",,7.0
Burger ASAP!,Compete against your friends to make the fastest burgers to order.,ましう (Mashiu),,"Blue Orange Games, Mixlore + 1 more",2.0,5.0,15.0,15.0,15.0,7.0,1.0,36,6,Uncategorized,"Card Game, Real-time","Matching, Ordering, Real-Time","Card Games: Matching, Food & Drink: Burgers",2022,6.7
Murder by Magic,A magical battle royale to save the world.,Joshua Mason,,Quirky Co.,2.0,4.0,20.0,20.0,20.0,8.0,,1,1,Uncategorized,"Fantasy, Fighting",Take That,"Admin: Upcoming Releases, Crowdfunding: Kickstarter",2022,7.0
A Herceg Nyer!,"Move competitors cooperatively of a running race, but the prince must win.",Győri Zoltán Gábor,András Baranyai,Pagony játék,1.0,5.0,30.0,30.0,30.0,8.0,2.33,24,6,Uncategorized,Children's Game,Cooperative Game,,2022,7.9
Griphold Tower,Make your final stand against waves of enemies in this in-hand tower defense game.,Joe Klipfel,,(Web published),1.0,1.0,20.0,30.0,25.0,8.0,2.0,8,8,Uncategorized,"Adventure, Fantasy, Print & Play",Solo / Solitaire Game,"Misc: No Table Needed, Players: Solitaire Only Games",2020,8.6
Hexian,A 2-players card-driven space shoot 'em up boardgame,Lucio Gozzi,,Nerdura Games,2.0,2.0,10.0,25.0,17.5,,,1,3,Uncategorized,"Card Game, Print & Play, Science Fiction",Grid Movement,,2022,10.0
War & Write II,Experience WWII in 30 minutes in this 2-5 player team-based wargame.,"Jay Bernardo, Wei-Cheng Cheng, Kun-Hang Lee",,TWOPLUS Games,2.0,5.0,30.0,60.0,45.0,8.0,1.75,32,13,Wargames,"Negotiation, Wargame, World War II","Action Points, Area Movement, Paper-and-Pencil, Team-Based Game","Admin: Upcoming Releases, Series: War & Write (Formosa Force Games)",2023,7.1
Spruance Leader: Carrier Expansion,Attack Soviet ships and subs by adding carrier forces to your fleet,Dean Brown,,Dan Verssen Games (DVG),1.0,1.0,45.0,120.0,82.5,,4.0,9,9,Uncategorized,"Expansion for Base-game, + 5 more","Deck Construction, Simulation, Solo / Solitaire Game","Country: Soviet Union, Country: USA, Crowdfunding: Kickstarter, History: Cold War, Players: Solitaire Only Card Games, Players: Solitaire Only Wargames, + 4 more",2022,8.2
Spruance Leader: Allies Expansion,Attack the Soviet fleet with ships from NATO countries,Dean Brown,,Dan Verssen Games (DVG),1.0,1.0,45.0,120.0,82.5,,3.0,9,7,Uncategorized,"Expansion for Base-game, + 5 more","Deck Construction, Simulation, Solo / Solitaire Game","Country: Soviet Union, Country: USA, Crowdfunding: Kickstarter, History: Cold War, Players: Solitaire Only Card Games, Players: Solitaire Only Games, + 5 more",2022,7.8
Galdor's Grip,Stop an evil telepath with just your hands in this fantasy card game for one player.,Gregg Jewell,"Gregg Jewell, Midjourney AI",(Web published),1.0,1.0,30.0,45.0,37.5,12.0,2.0,131,74,Strategy,"Card Game, Fantasy, Print & Play","Hand Management, Move Through Deck, Solo / Solitaire Game","Game: Galdor's Grip, Misc: No Table Needed, Players: Solitaire Only Card Games",2022,8.2
Spruance Leader: Submarines Expansion,Attack Soviet ships as a lone nuclear-powered submarine,Dean Brown,,Dan Verssen Games (DVG),1.0,1.0,45.0,120.0,82.5,,4.0,10,7,Uncategorized,"Expansion for Base-game, + 5 more","Deck Construction, Simulation, Solo / Solitaire Game","Country: Soviet Union, Country: USA, Crowdfunding: Kickstarter, History: Cold War, Players: Solitaire Only Card Games, Players: Solitaire Only Games, + 5 more",2022,8.4
The Christmas Express Game,Race to the North Pole in this holiday adventure.,,,"Late for the Sky Production Company, Outset Media",2.0,4.0,30.0,30.0,30.0,8.0,,3,0,Uncategorized,Children's Game,Track Movement,Holidays: Christmas,2019,4.8
Scrabble Plus Scrabble Junior,Add a Brief Description,Alfred Mosher Butts,,Parker Brothers,2.0,4.0,,,,5.0,,1,0,Uncategorized,Word Game,"End Game Bonuses, Hand Management, Square Grid, Tile Placement","Game: Scrabble, Series: World's Smallest Games Series (Super…, Word Games: Spelling / Letters",2008,4.0
Stranger Things: Identité secrète,Bluff your Hankins friends to win your secret objective before them!,Fabien Fernandez,,Larousse,4.0,6.0,15.0,30.0,22.5,14.0,,4,1,Uncategorized,"Bluffing, Movies / TV / Radio theme, Party Game, Spies/Secret Agents",Hidden Roles,TV Shows: Stranger Things,2022,5.0
Unlock! Kids: Stories from the Past,Escape game for kids,"Cyril Demaegd, Florian Fay, Wilfried Fort, Marie Fort","Olivier Danchin, Rémy Tornior",Space Cow,1.0,4.0,20.0,20.0,20.0,6.0,,36,12,Uncategorized,"Children's Game, Deduction",Deduction,Series: Unlock! (Space Cowboys),2022,7.9
Ohh...igen?,The party game of intimate questions.,"Győri Zoltán Gábor, Győri-Nádai Réka",,Gém Klub Kft.,2.0,6.0,30.0,30.0,30.0,18.0,1.0,14,1,Uncategorized,Party Game,Voting,,2022,6.7
"A Game About Writing Words, Aiming to Match Other Folk Exactly 3 Times.","Match your answers to other players. But no more than three times, or you'll bust!","Kirsten Lunde, Bez Shahriari",,Stuff By Bez,3.0,8.0,10.0,30.0,20.0,10.0,,4,1,Uncategorized,"Card Game, Party Game, Word Game",Push Your Luck,Admin: Upcoming Releases,2022,6.0
Tricky Sixes,A trick-taker that teams fight over areas on a hex board and majority scoring.,Daniel Kenel,,(Looking for a publisher),2.0,4.0,45.0,60.0,52.5,12.0,,5,3,Uncategorized,"Abstract Strategy, Card Game","Area Majority / Influence, Set Collection, Team-Based Game, Trick-taking",,2022,7.8
,Make appointments with your fellow ghosts by knocking under the table.,Miyuki Furumachi,Hiko Tokota,Bouken,3.0,5.0,10.0,15.0,12.5,8.0,,2,1,Uncategorized,"Bluffing, Card Game, Fantasy","Communication Limits, Simultaneous Action Selection",,,6.8
,Tarot inspired trick taker with set collection and various ways to score.,Daniel Kenel,,(Looking for a publisher),3.0,4.0,30.0,45.0,37.5,12.0,,7,4,Uncategorized,Card Game,"Hand Management, Set Collection, Trick-taking",Admin: Upcoming Releases,,7.7
Tricky Rails,A pick-up and deliver game that is driven by trick-taking and special actions.,Daniel Kenel,,(Looking for a publisher),4.0,4.0,45.0,60.0,52.5,12.0,,7,8,Uncategorized,"Card Game, Trains","Pick-up and Deliver, Trick-taking",,2022,8.1
Lakshadweep,Build the exotic islands of Lakshadweep!,Sidhant Chand,Mazhar Kothari,Luma World,2.0,2.0,30.0,45.0,37.5,10.0,2.0,55,33,Uncategorized,"City Building, Environmental, Territory Building","Area Majority / Influence, Map Addition, Pieces as Map, Tile Placement","Country: India, Theme: Environmental Protection / Degradation /…, Theme: Tropical Islands",2023,8.5
Sharks Feeding Frenzy,Sharks fight against each other to get the most food.,Rocky Davies,Rocky Davies,(Self-Published),2.0,6.0,45.0,45.0,45.0,10.0,,9,2,Uncategorized,"Fighting, Humor, Nautical","Roll / Spin and Move, Take That, Tile Placement","Admin: Upcoming Releases, Animals: Sharks",2022,3.7
Die Erzhexe,The Archwitch is dead! Long live the new Archwitch!,"Tobias Gohrbandt, Heiko Günther",,(Web published),3.0,6.0,30.0,60.0,45.0,12.0,,3,7,Uncategorized,"Medieval, Negotiation, Print & Play","Negotiation, Open Drafting, Push Your Luck, Set Collection, Simultaneous Action Selection, + 2 more",Theme: Witches,2022,8.2
Gnamo: conquista la Toscana,The game of wild boar battles in Tuscany.,Federico Calciolari,Pietro Rotelli,Demoela Giochi,3.0,5.0,90.0,120.0,105.0,12.0,3.0,1,0,Uncategorized,Animals,Dice Rolling,"Admin: Better Description Needed!, Animals: Pigs, Region: Tuscany (Italy)",2021,9.0
Alhambra: The Red Palace,3D buildings come to the world of Alhambra.,Dirk Henn,Patricia Limberger,Queen Games,2.0,6.0,45.0,60.0,52.5,8.0,2.0,30,33,Uncategorized,"City Building, Medieval","Hand Management, Set Collection, Tile Placement","Admin: Upcoming Releases, Components: 3-Dimensional (3D), Crowdfunding: Kickstarter, Game: Alhambra",2023,7.3
Solar Sphere: Kickstarter Promos,Add more variety to the Solar Sphere base game.,"Ayden Lowther, Simon Milburn","Igor Ershov, Elias Stern",Dranda Games,1.0,5.0,60.0,90.0,75.0,10.0,,23,11,Uncategorized,"Expansion for Base-game, Science Fiction",Variable Player Powers,Crowdfunding: Kickstarter,2022,7.6
Head Spin,Be the first to show the right answer on your spinner from the card.,,,Project Genius,2.0,2.0,15.0,60.0,37.5,8.0,,6,0,Uncategorized,"Puzzle, Racing, Real-time",,,2022,6.8
Lizard Wizard: Mechanica Magus,Play Lizard Wizard solo!,David Digby,,Forbidden Games,1.0,1.0,,,,,3.0,3,4,Uncategorized,Expansion for Base-game,,Players: Expansions Adding Solo Play,2022,7.6
Raccoon Tycoon: DeepThought PossumBot,Play Raccoon Tycoon solo!,David Digby,,Forbidden Games,1.0,1.0,,,,,,3,3,Uncategorized,Expansion for Base-game,,Players: Expansions Adding Solo Play,2022,8.7
Kugelblitz Tornado,Teaching kids that waiting can be better than being the first.,,,Noris Spiele,2.0,4.0,1.0,10.0,5.5,5.0,,12,1,Uncategorized,"Action / Dexterity, Party Game",,,2022,5.7
Naruto: Au secours de Konoha!,A cooperative battling game with many characters from the Naruto universe.,,,404 editions,3.0,6.0,30.0,30.0,30.0,8.0,2.0,4,2,Uncategorized,"Card Game, Comic Book / Strip","Closed Drafting, Cooperative Game, End Game Bonuses, Hand Management, Set Collection, Simultaneous Action Selection",Theme: Anime / Manga,2022,6.5
Berlin Connection,Another exciting Cube Rails game,John Bohrer,,Winsome Games,3.0,6.0,25.0,35.0,30.0,22.0,,1,0,Uncategorized,"Expansion for Base-game, + 2 more","Network and Route Building, Stock Holding","Cities: Berlin (Germany), Country: Germany, Series: Cube Rails",2022,7.0
Nyarlathotep,Uncover the horrors of a hidden temple in a Lovecraft-inspired puzzle game.,,,The Mysterious Package Company,1.0,6.0,1200.0,1800.0,1500.0,14.0,,1,0,Uncategorized,"Adventure, Fantasy, Puzzle","Cooperative Game, Storytelling, Team-Based Game","Components: Digital Hybrid – App/Website Required, Theme: Cthulhu Mythos",2021,10.0
BOO Party Game,A pocket foreplay game! To carry around.,"Ana Larrán, Virginia Villamayor",Ismael Gudiño,Multiverso,2.0,10.0,15.0,15.0,15.0,6.0,,4,0,Uncategorized,"Card Game, Party Game","Pattern Recognition, Speed Matching",,2022,6.3
Hastur,Solve puzzles and decipher the mystery of the King in Yellow.,,,The Mysterious Package Company,1.0,8.0,900.0,1200.0,1050.0,18.0,,1,0,Uncategorized,"Horror, Puzzle","Cooperative Game, Storytelling",Theme: Cthulhu Mythos,2019,10.0
The Lost Treasure of John Augur,Dive into a narrative puzzle adventure and find the missing pirate treasure,,,The Mysterious Package Company,1.0,8.0,300.0,480.0,390.0,8.0,,1,1,Uncategorized,"Adventure, Pirates, Puzzle","Cooperative Game, Storytelling",,2016,7.0
,Modern Warfare Argentinian Nautical wargame from 1950's.,,,(Self-Published),2.0,4.0,,,,,2.0,1,0,Wargames,"Aviation / Flight, Modern Warfare, Nautical, Wargame",Square Grid,Admin: Better Description Needed!,,7.0
Verses,Can you choose the best song verse for the moment?,Danielle Reynolds,,Big G Creative,3.0,6.0,30.0,30.0,30.0,14.0,,10,3,Uncategorized,Party Game,Voting,,2022,5.7
Glyphics,Use plastic components to get others to guess a secret word or phrase.,Eric Olsen,,Big G Creative,3.0,99.0,30.0,30.0,30.0,10.0,1.0,18,7,Uncategorized,Party Game,,,2022,6.5
Sun Moon Rising,How do astrological statements line up with your personality?,"Priya Gill, Emily Nichol",,Hasbro,3.0,6.0,,,,13.0,,1,0,Uncategorized,Party Game,Voting,Theme: Astrology,2022,9.0
Post Mortem London Gothic: The Ghost in the Machine,You are the detective in this Victorian-Era mystery,,,The Mysterious Package Company,1.0,6.0,480.0,720.0,600.0,15.0,,1,0,Uncategorized,"Horror, Murder/Mystery, Puzzle","Cooperative Game, Narrative Choice / Paragraph, Storytelling",,2022,8.5
You Lying Sack,Lie convincingly and detect others' lies to avoid bad things.,Penn Jillette,,Exploding Kittens,2.0,5.0,15.0,15.0,15.0,7.0,1.0,36,12,Uncategorized,"Bluffing, Party Game",Player Elimination,,2022,5.2
Colt Express: Halloween,Free official PnP expansion.,,,Ludonaute + 2 more,3.0,6.0,30.0,40.0,35.0,10.0,2.0,2,5,Uncategorized,"Expansion for Base-game, + 3 more",Hand Management,"Game: Colt Express, Holidays: Halloween",2022,8.5
"Warhammer 40,000: Kill Team – Shadowvaults","Venture deeper into the Gallowdark, with new terrain and missions.",,,Games Workshop Ltd.,2.0,2.0,60.0,120.0,90.0,12.0,3.0,11,4,Uncategorized,"Expansion for Base-game, + 4 more","Dice Rolling, Measurement Movement, Variable Player Powers","Setting: Warhammer 40,000 Wargames",2022,7.8
Hammer Glamour,Submit smart estimates to secure jobs with the best customers.,Carol LaGrow,,(Web published),4.0,6.0,15.0,20.0,17.5,10.0,,9,5,Uncategorized,Card Game,,Theme: Construction,2022,6.9
ピンコンビトリオ (Pin Combi Trio),"Ditch your cards one, two, or three at a time. Can you empty your hand first?",新澤 大樹 (Taiki Shinzawa),,小学館 (Shogakukan),2.0,5.0,,,,,,30,9,Uncategorized,Card Game,Ladder Climbing,Card Games: Climbing,2022,6.1
RoRop,Pull colored blocks from the game board to pump up your score.,Masanori Eguchi,,Fulelu Edutainment Games,2.0,4.0,15.0,15.0,15.0,8.0,,4,1,Uncategorized,Abstract Strategy,,,2022,7.8
Tactic: The Tactical Wargame,"Create your battlefield, place your starting base, and move cleverly your army",,,(Self-Published),2.0,4.0,25.0,120.0,72.5,8.0,2.33,5,3,"Abstract,  Wargames","Abstract Strategy, Wargame",,,2022,8.2
Fruition,Have the last word that satisfies the category.,Zachary Connelly,Mary Shcherbakha,Button Shy,3.0,6.0,10.0,20.0,15.0,8.0,1.0,34,21,Uncategorized,"Card Game, Party Game, Print & Play, Word Game","Player Judge, Real-Time","Components: Multi-Use Cards, Containers: Wallets, Food & Drink: Fruit, Series: Wallet Games (Button Shy)",2022,6.9
OPEN,OPEN some of your hand and try to play well. Or not.,Takashi Saito,QURAGE,BrainBrainGames + 1 more,2.0,4.0,15.0,15.0,15.0,8.0,1.0,35,6,Uncategorized,"Bluffing, Card Game",Ladder Climbing,,2022,6.6
The Green Fivura,"All your cards are themselves, but also a green 5.",新澤 大樹 (Taiki Shinzawa),菅原　美沙穂 (Misaho Sugawara),倦怠期 (Kentaiki),3.0,4.0,30.0,40.0,35.0,11.0,1.0,66,28,Uncategorized,Card Game,Trick-taking,,2022,7.4
Tiny Epic Crimes,You have 48 hours to investigate a Tiny Epic Crime in Echo Ridge City!,Scott Almes,Nikoletta Vaszi,"Gamelyn Games, Pixie Games",1.0,4.0,30.0,60.0,45.0,14.0,2.2,158,103,Uncategorized,"Deduction, Mafia, Murder/Mystery","Area Movement, Cooperative Game, Deduction, Dice Rolling, Events, + 7 more","Category: Dized Tutorial, Crowdfunding: Kickstarter, Players: Games with Solitaire Rules, Series: Tiny Epic (Gamelyn Games), Setting: Aughmoore, Theme: Mystery / Crime",2023,7.0
Ranking! 2: Cine y Series,Players compete to get the maximum number of successful answers on each Ranking card.,Javier Martínez Gómez,,Last Level,2.0,6.0,30.0,30.0,30.0,13.0,,8,1,Uncategorized,"Party Game, Trivia",,,2022,8.4
Papyrus,"Researchers, an ancient Papyrus needs to be restored!","Maurizio Giacometti, Dario Massarenti, Matteo Sassi, Francesco Testini",Andrea Guerrieri,DV Games,2.0,4.0,20.0,20.0,20.0,8.0,1.8,17,5,Uncategorized,"Ancient, Card Game, Educational","Area Majority / Influence, Hand Management, Set Collection","Ancient: Egypt, Contests: Miglior Gioco Inedito",2022,6.9
Les 4 Vallees,"Become the champion of the ""4 vallées"" after completing challenges in the ski area",Sébastien Drillon,,Les Jeux du Lac,2.0,6.0,20.0,60.0,40.0,7.0,,2,0,Uncategorized,Sports,Roll / Spin and Move,Sports: Skiing,2022,6.5
Gadget Trick,Spooky house trick-taking. With gadgets.,Kota Nakayama (中山 宏太),"Game Icons, Kota Nakayama (中山 宏太)",nononon factory,3.0,6.0,15.0,20.0,17.5,10.0,1.0,24,9,Uncategorized,Card Game,Trick-taking,,2022,6.7
ぬくみ温泉開拓記 (Nukumi Onsen Kaitakuki),Develop Nukumi into a fun town renowned for it's food scene!,Kudousan (工藤さん),Tonpy (トンピー),Kudousan no Game (工藤さんのゲーム),1.0,4.0,20.0,60.0,40.0,12.0,2.33,13,2,Uncategorized,"City Building, Exploration","Deck, Bag, and Pool Building, Hand Management, Network and Route Building, Point to Point Movement, Variable Player Powers, Worker Placement",,2022,7.4
Suitability,A trick-taking card game in which each suit is allocated a specific role or power.,David Parlett,,(Web published),2.0,5.0,,,,,,4,2,Uncategorized,Card Game,Trick-taking,Components: Traditional Playing Cards,2021,6.5
D!C!ASSETTE,/di.t͡ʃasˈsɛt.te/,Munetoshi Harigaya,"Petra Eriksson, Ito Taichi","Helvetiq, Joyple Games",2.0,10.0,20.0,20.0,20.0,,,4,1,Uncategorized,"Bluffing, Card Game",,,2022,6.3
Age of Will,"The king wants beautiful buildings! Draft necessary resource, but don't waste any!",N2,Tareru (タレる),Southern Cross Games (サザンクロスゲームズ),2.0,4.0,10.0,15.0,12.5,10.0,,4,0,Uncategorized,"Card Game, City Building, Medieval",Closed Drafting,Series: Age of ... (N2),2022,5.3
Ladrón de Caminos,"Strategy, tactics and chance for two people.","Julieta Flores Godoy, Marcos Nahuel Lagña",Marcos Nahuel Lagña,(Self-Published),2.0,2.0,30.0,30.0,30.0,6.0,,1,0,Uncategorized,Abstract Strategy,"Hexagon Grid, Pattern Building",,2022,8.0
Wanted Wombat,Let's capture rare wombat...criminals? I guess?,宮野 華也 (Kaya Miyano),別府さい (Sai Beppu),Mob+ (Mob Plus),2.0,5.0,1.0,15.0,8.0,6.0,1.0,38,9,Uncategorized,Card Game,Push Your Luck,Animals: Wombats,2022,5.9
The Aragón Front: The Spanish Civil War in Eastern Spain 1936/39,From militia to mass armies through War and Revolution.,Pablo Martín Fernández,,(Web published),1.0,2.0,180.0,180.0,180.0,16.0,2.5,2,1,Wargames,"Civil War, Print & Play, Wargame","Chit-Pull System, Dice Rolling, Hexagon Grid, Impulse Movement, Scenario / Mission / Campaign Game, + 2 more","Contests: Two-Player Print & Play Design, Country: Spain, Decades: The 1930's, History: Interwar period, History: Spanish Civil War, Misc: Free Wargames, + 1 more",1997,7.5
Mikey Wonder Land,Because you've always wanted to ruin the dreams of children...,"Nakamori Gen (中森 源), Hayashi Shiina (椎名隼也)",Nakamori Gen (中森 源),Xaquinel,3.0,6.0,20.0,20.0,20.0,6.0,,1,0,Uncategorized,Card Game,,,2022,3.0
Roll 'n' GOL: Fase de Grupos,Prepare the group stage.,Ariel Mora,,GG Juegos de Mesa,1.0,7.0,20.0,20.0,20.0,10.0,,2,0,Uncategorized,"Expansion for Base-game, + 2 more","Dice Rolling, Paper-and-Pencil, Solo / Solitaire Game",Game: Roll 'n' GOL,2022,7.0
Not So Neighborly: Block Party,Build your neighborhood and host a block party!,"Alice Hong, Jessica Hong",,Fambam Games,2.0,6.0,15.0,30.0,22.5,7.0,,5,1,Uncategorized,Expansion for Base-game,,,2022,8.0
Weird Little Elf,Imps and Elves try to fool Santa with their weird behavior while answering questions.,"Maggie Clyne, Jordan Clyne",Nick Nazzaro,Atlas Games,4.0,15.0,15.0,45.0,30.0,8.0,1.0,17,9,Uncategorized,Party Game,Hidden Roles,"Digital Implementations: Tabletopia, Holidays: Christmas",2022,7.2
仲良シふれんず (Nakayoshi Friends),"Take some tricks, get some points. Wait, but try not to get points",ぴよらぷたこ (Piyoraputako),ぴよらぷたこ (Piyoraputako),ぴよよ屋さん (Piyoyo Shop),3.0,4.0,20.0,20.0,20.0,12.0,,6,4,Uncategorized,Card Game,Trick-taking,,2022,6.1
TTMC 2: Tu Te Re-Mets Combien?,Do different teams and let’s go to challenge your buddies.,,,Les Editions de base,2.0,10.0,20.0,40.0,30.0,14.0,1.0,53,3,Uncategorized,"Humor, Party Game, Trivia","Race, Track Movement",,2022,7.2
Oh What a Night,Confused party-goers piece together the events of the previous evening!,,K. Allegra Vernon,Outset Media,3.0,8.0,20.0,30.0,25.0,12.0,,1,1,Uncategorized,"Deduction, Humor, Party Game","Deduction, Multi-Use Cards, Paper-and-Pencil, Role Playing, Team-Based Game, + 2 more",,2022,4.0
コロペンクエスト (Coropenquest),A dexterity roll-and-write game where you roll the pencil onto the gameboard,ましう (Mashiu),ましう (Mashiu),ましうgames (Mashiu games),2.0,2.0,10.0,15.0,12.5,10.0,,2,0,Uncategorized,Fantasy,,Mechanism: Roll-and-Write,2022,6.5
Doozy Dice,Roll the dice and play your dots right to make unique combos in the fewest rolls,,,Doozy Games,2.0,4.0,15.0,15.0,15.0,8.0,1.0,3,2,Uncategorized,"Card Game, Children's Game, Dice, Educational, Number, + 2 more","Dice Rolling, Paper-and-Pencil, Pattern Recognition, Push Your Luck, Re-rolling and Locking, + 4 more","Mechanism: Roll-and-Write, Misc: Lowest Score Wins, Traditional Dice Games: Yacht",2022,6.8
Złota Rybka,The goldfish will fufill all your wishes if you find matching tiles.,Ewa Falkowska,Maciej Szymanowicz,Granna,2.0,4.0,10.0,20.0,15.0,3.0,,4,1,Uncategorized,"Children's Game, Fantasy, Novel-based","Memory, Roll / Spin and Move",Animals: Fish / Fishes,2022,6.4
La Maldición: Héroes de Lorthar – Luz y Oscuridad: Mazo de Expansión II,The end of the battle will be unleashed with this expansion of La Maldición!,"Ricardo Iassogna, Cristian Squitieri","Ricardo Iassogna, Cristian Squitieri",Lorthar,2.0,12.0,20.0,60.0,40.0,6.0,,5,0,Uncategorized,"Expansion for Base-game, + 2 more","Hand Management, Take That, Team-Based Game, Variable Player Powers",Game: La Maldición,2022,6.5
Holly e Benji: Captain Tsubasa,Use the players of the famous manga/anime to win the match and become the champion.,,,Tesla distribuzione,2.0,6.0,20.0,40.0,30.0,6.0,1.0,1,0,Uncategorized,"Comic Book / Strip, Fantasy, Movies / TV / Radio theme, Sports","Area Movement, Dice Rolling, Movement Points","Sports: Football / Soccer, Theme: Anime / Manga",2002,6.0
Not That Movie!: Carte Promo Serie TV,Promo cards deck with TV Series titles.,Silvano Sorrentino,,DV Games,,,,,,,,2,0,Uncategorized,Expansion for Base-game,,,2022,8.4
Au Contact,"Miniature ruleset to depict modern day combat, from 1965 to today.",,,Amarante Wargames,1.0,4.0,90.0,90.0,90.0,12.0,,5,2,Wargames,"Miniatures, Modern Warfare, Wargame, World War II",Scenario / Mission / Campaign Game,,2020,8.4
Dungeon Pages: Core Set,"A solo tactical, roll & write game of dungeon delving and monster battling.","Jason Greeno, Jason Tagmire","Delapouite, Vittoria Pompolani, Thomas Tamblyn",PNP Arcade Publishing,1.0,1.0,20.0,30.0,25.0,8.0,1.88,225,90,Uncategorized,"Dice, Exploration, Fantasy, Print & Play","Dice Rolling, Paper-and-Pencil, Solo / Solitaire Game","Crowdfunding: Kickstarter, Game: Dungeon Pages, Mechanism: Roll-and-Write, Players: Games with Solitaire Rules, Players: Solitaire Only Games",2023,8.1
社會事 (Corrupt Parliament),Each player acts as legislator trying to pass new laws which get him the richest.,Allen Wang,,"BGNations, Mizo Games",4.0,6.0,60.0,120.0,90.0,15.0,2.5,17,6,Uncategorized,"Bluffing, Economic, Mafia, Negotiation, Political","Bribery, Commodity Speculation, Negotiation, Voting",,2022,7.3
Snailspace,A sort of spiralling Cribbage.,David Parlett,,(Web published),2.0,2.0,15.0,20.0,17.5,10.0,,1,0,Uncategorized,Card Game,Action Points,,2015,7.0
UNO: Sonic The Hedgehog,Join Sonic and Tails as you race laps around each other in this quick edition of UNO!,,,"Mattel, Inc.",2.0,10.0,,,,7.0,1.0,4,0,Uncategorized,"Card Game, Video Game Theme","Hand Management, Matching, Take That","Game: UNO, Versions & Editions: Versions with IP after the…, Video Game Theme: Sonic the Hedgehog",2022,5.8
BANG!: Emiliano,Promotional card for the 20th anniversary of BANG!,,,DV Games + 1 more,,,,,,,,5,2,Uncategorized,Expansion for Base-game,,Game: BANG!,2022,8.8
Star Wars: The Deckbuilding Game,The Rebels and Empire go head-to-head to eliminate one another's bases.,Caleb Grace,Jake Murray + 34 more,Fantasy Flight Games + 6 more,2.0,2.0,30.0,30.0,30.0,12.0,2.02,4400,676,Strategy,"Card Game, Fighting, Movies / TV / Radio theme, Science Fiction","Deck, Bag, and Pool Building, Open Drafting, Tug of War","Movies: Star Wars, Players: Two Player Only Games",2023,8.0
Night Parade of a Hundred Yokai: Cursed Throne Expansion,Lead the rebellion and become the next king of all yokai.,Luís Brüeh,Luís Brüeh,Brueh Games Inc. + 1 more,1.0,4.0,35.0,50.0,42.5,10.0,2.0,37,17,Uncategorized,"Animals, Expansion for Base-game, Fantasy, Mythology","Area Majority / Influence, Deck, Bag, and Pool Building, Variable Player Powers","Admin: Upcoming Releases, Crowdfunding: Kickstarter, Digital Implementations: Tabletopia",2023,8.3
Woodland Craft,Gather forest items with your animal friends and make crafts!,Kevin Russ,,(Web published),1.0,100.0,15.0,20.0,17.5,6.0,,1,0,Uncategorized,"Animals, Dice, Print & Play","Dice Rolling, Paper-and-Pencil, Point to Point Movement, Set Collection",,2018,6.5
A Song of Ice & Fire: Tabletop Miniatures Game – Varamyr Sixskins,A Song of Ice & Fire: Varamyr Sixskins.,,,"CMON Global Limited, Dark Sword Miniatures, Inc.",2.0,2.0,45.0,60.0,52.5,14.0,,2,0,Uncategorized,"Expansion for Base-game, + 4 more","Dice Rolling, Hand Management, Measurement Movement, Worker Placement",Game: A Song of Ice & Fire – Tabletop Miniatures…,2022,8.0
A Song of Ice & Fire: Tabletop Miniatures Game – Sunspear Royal Guard,House Martell’s famous Sunspear Royal Guards.,,,"CMON Global Limited, Dark Sword Miniatures, Inc.",2.0,2.0,45.0,60.0,52.5,14.0,,2,0,Uncategorized,"Expansion for Base-game, + 3 more","Dice Rolling, Hand Management, Measurement Movement, Worker Placement",Game: A Song of Ice & Fire – Tabletop Miniatures…,2022,7.5
A Song of Ice & Fire: Tabletop Miniatures Game – Martell Starter Set,"Unbowed, Unbent, Unbroken.",,,"CMON Global Limited, Dark Sword Miniatures, Inc.",2.0,2.0,45.0,60.0,52.5,14.0,,8,1,Uncategorized,"Fantasy, Miniatures, Novel-based, Wargame","Dice Rolling, Hand Management, Measurement Movement, Worker Placement",Game: A Song of Ice & Fire – Tabletop Miniatures…,2022,8.9
A Song of Ice & Fire: Tabletop Miniatures Game – Martell Heroes I,House Martell wields its influence like a patiently coiled viper.,,,"CMON Global Limited, Dark Sword Miniatures, Inc.",2.0,2.0,45.0,60.0,52.5,14.0,,2,0,Uncategorized,"Expansion for Base-game, + 3 more","Dice Rolling, Hand Management, Measurement Movement, Worker Placement",Game: A Song of Ice & Fire – Tabletop Miniatures…,2022,7.5
A Song of Ice & Fire: Tabletop Miniatures Game – Targaryen Heroes 3,"In far-off Essos, Queen Daenerys Targaryen rules over a court rife with intrigue.",,,"CMON Global Limited, Dark Sword Miniatures, Inc.",2.0,2.0,45.0,60.0,52.5,14.0,,2,0,Uncategorized,"Expansion for Base-game, Fantasy, Miniatures, Novel-based, Wargame",Dice Rolling,Game: A Song of Ice & Fire – Tabletop Miniatures…,2022,8.5
Joking Hazard: Freakpocalypse,Freak up your game.,,,"Explosm Games, Joking Hazard",3.0,10.0,30.0,90.0,60.0,18.0,,1,0,Uncategorized,"Expansion for Base-game, + 5 more","Hand Management, Player Judge, Simultaneous Action Selection",,2022,10.0
,Mages compete to gather arcana knowledge before time runs out.,Max Holliday,Rob Lundy,Ginger Ale Games,2.0,5.0,45.0,90.0,67.5,14.0,3.0,3,3,Uncategorized,Card Game,"Deck, Bag, and Pool Building, Worker Placement",Admin: Upcoming Releases,,7.5
Bloody Big Battles in INDIA!,Sixteen wargame scenarios for battles in India 1803-1858.,Mark Smith,,SkirmishCampaigns,2.0,8.0,120.0,240.0,180.0,10.0,,1,0,Uncategorized,"Expansion for Base-game, + 2 more",,"Country: India, History: Anglo-Indian Wars",2022,10.0
Celtae,Lead the Celts on their European expansion.,Orlando Sá,Mihajlo Dimitrievski,PYTHAGORAS + 2 more,1.0,4.0,50.0,100.0,75.0,10.0,2.8,123,42,Uncategorized,"Ancient, City Building","Area Majority / Influence, Hand Management, Rondel",Admin: Upcoming Releases,2023,7.4
Lata,"Manage carefully your actions, auction for the best fish, deliver to the best markets","Costa, Rôla",Marina Costa,PYTHAGORAS + 2 more,1.0,4.0,20.0,45.0,32.5,8.0,2.0,82,21,Uncategorized,"Card Game, Industry / Manufacturing","Action Points, Area Majority / Influence, Contracts, Turn Order: Auction",Admin: Upcoming Releases,2023,7.2
The Ratcatcher: The Solo Adventure Game – Swag Rat Promo,A ratcatcher who can snatch a loaded swag rat will find themselves flush with goodies,Matthew Aslin,Matthew Aslin,Platypus Industries,1.0,1.0,,,,12.0,,2,3,Uncategorized,Expansion for Base-game,Dice Rolling,,2022,8.5
Five Nights at Freddy's: Night of Frights! Game,Play as the animatronic stars of Freddy Fazbear's Pizza! Capture the Security Guard!,,,Funko Games,2.0,4.0,30.0,30.0,30.0,8.0,,28,9,Uncategorized,,"Action Points, Take That, Variable Player Powers","Theme: Robots, Video Game Theme: Five Nights at Freddy's",2022,6.4
Tricky Mixes,Players will play out tricks and attempt to creatively mix paints to win!,Daniel Kenel,,(Looking for a publisher),3.0,3.0,30.0,45.0,37.5,10.0,,5,4,Uncategorized,"Abstract Strategy, Card Game","Connections, Hand Management, Trick-taking",,2022,7.0
Nuts a GoGo!,"Grab pieces - and try to have a wide variety, or, maybe specialize",Naoki Fukuda (福田直樹),"Go Kamiyama (神山 剛), Yoshiaki Tomioka","Asobication Games, itten",2.0,5.0,10.0,30.0,20.0,6.0,,73,10,Uncategorized,Action / Dexterity,"Player Elimination, Real-Time, Set Collection",,2021,6.4
国葬最前線 (National Funeral Frontline),It's often said that dying can be a good career move...but do the people agree?,Toryo Hojo,Toryo Hojo,Loserdogs,3.0,5.0,30.0,45.0,37.5,12.0,,2,1,Uncategorized,Humor,Voting,,2022,6.0
Kingdom Death: Monster – Ghostlink Pumpkin Promo,Promo containing new Pattern cards and Pattern gear cards.,Adam Poots,KyuYong Eom,Kingdom Death,1.0,6.0,60.0,180.0,120.0,17.0,,1,0,Uncategorized,"Expansion for Base-game, + 8 more","Cooperative Game, Critical Hits and Failures, Dice Rolling, Grid Movement, Narrative Choice / Paragraph, + 6 more",Game: Kingdom Death Monster,2022,10.0
Kingdom Death: Monster – Flower Costume Promo,Promo containing new Pattern card and Pattern gear card.,Adam Poots,Wenjuinn,Kingdom Death,1.0,6.0,60.0,180.0,120.0,17.0,,1,0,Uncategorized,"Expansion for Base-game, + 8 more","Cooperative Game, Critical Hits and Failures, Dice Rolling, Grid Movement, Narrative Choice / Paragraph, + 6 more",Game: Kingdom Death Monster,2022,10.0
Eko Smakosz,Eat healthy and plan your shopping to minimize food waste.,"Martyna Cieśla, Michał Mijal",Adam Kosik,Edugram,2.0,5.0,45.0,75.0,60.0,10.0,,1,0,Uncategorized,"Economic, Educational, Environmental","Contracts, End Game Bonuses, Hidden Victory Points, Once-Per-Game Abilities, Set Collection, + 2 more",Theme: Food / Cooking,2022,7.0
Tragedy Looper: New Tragedies,"Players live, die, and repeat in order to outwit and defeat the evil Mastermind.",BakaFire,Sato,WizKids (I),2.0,4.0,60.0,60.0,60.0,14.0,3.33,33,17,Uncategorized,"Bluffing, Card Game, Deduction, Murder/Mystery","Communication Limits, Deduction, Grid Movement, Hand Management, Memory, Team-Based Game","Game: Tragedy Looper, Misc: Limited Replayability, Players: One versus Many, Theme: Anime / Manga, Theme: Time Travel",2023,8.3
Scrabble: Genderstein,Now all genders are included!,,,"Mattel, Inc.",2.0,4.0,90.0,90.0,90.0,10.0,,2,1,Uncategorized,"Expansion for Base-game, Word Game",,"Country: Austria, Country: Germany, Country: Switzerland, Game: Scrabble",2022,5.5
Back Porch,"A fixed partnership, domino trick taker that also features board play for a twist!",Daniel Kenel,,(Looking for a publisher),4.0,4.0,30.0,45.0,37.5,10.0,2.5,12,3,Uncategorized,"Abstract Strategy, Card Game","Square Grid, Team-Based Game, Trick-taking",,2022,7.9
Hegemony: Lead Your Class to Victory – Crisis & Control,The old world plunged into crisis. The new world seeks to establish its own order.,"Vangelis Bagiartakis, Anastasios Grigoriadis, Varnavas Timotheou","Jakub Skop, Miłosz Wojtasik",Hegemonic Project Games + 4 more,1.0,4.0,90.0,180.0,135.0,14.0,4.67,171,80,Uncategorized,Expansion for Base-game,"Action/Event, Hand Management, Solo / Solitaire Game, Variable Player Powers, Voting","Digital Implementations: Tabletopia, Mechanism: Artificial Player, Players: Expansions Adding Solo Play",2023,8.5
,Ask up to 10 questions to guess the place on the game card.,,,Grasper Global Private Ltd (Skillmatics) + 1 more,2.0,6.0,30.0,30.0,30.0,7.0,,2,1,Uncategorized,Trivia,,Series: Guess in 10,,6.5
ビルドトリック (Build Trick),A game with trick-taking and deck-building.,root (ルート),,(Self-Published),3.0,4.0,30.0,30.0,30.0,8.0,,3,2,Uncategorized,Card Game,"Deck, Bag, and Pool Building, Trick-taking",,2022,6.2
Pijersi,"Bring one of your ""rock-paper-scissors"" cubes to the opposite edge of the board.",Lucas Borboleta,,(Web published),2.0,2.0,15.0,30.0,22.5,8.0,3.0,2,0,Uncategorized,"Abstract Strategy, Children's Game","Action Points, Hexagon Grid, Rock-Paper-Scissors, Stacking and Balancing","Category: Combinatorial, Components: Dice with Icons, Digital Implementations: Tabletopia, Players: Two Player Only Games",2022,8.5
Hide and Go Sloth!,Who will be fastest to find the little sloth in one of their favorite spots?,"Jan-David Freund, Markus Nikisch, Patrick Tonn",Yunsim Jin,HABA,1.0,5.0,10.0,10.0,10.0,2.0,,3,0,Uncategorized,"Animals, Children's Game",Dice Rolling,"Animals: Sloths, Series: My Very First Games (HABA)",2022,7.7
Creature Collectors,Collectors use their memory and planning skills to build their menagerie.,,,(Web published),1.0,6.0,15.0,15.0,15.0,6.0,,2,0,Uncategorized,"Card Game, Fantasy, Memory, Print & Play","Matching, Memory, Set Collection",,2022,10.0
Hunt A Killer: Dead on the Vine,Time of Death: Wine o’clock,K.C. Chaney,Alaska Kellum,Hunt A Killer,1.0,5.0,180.0,360.0,270.0,14.0,,1,0,Uncategorized,"Deduction, Murder/Mystery, Puzzle","Cooperative Game, Deduction, Solo / Solitaire Game, Storytelling","Food & Drink: Wine, Series: Hunt A Killer, Theme: Mystery / Crime",2022,7.0
The Game of Life: Jurassic Park,Escape the island of Isla Neblar before the storm arives!,,Henning Ludvigsen,Hasbro,2.0,4.0,15.0,30.0,22.5,8.0,,18,6,Uncategorized,"Adventure, Children's Game, Movies / TV / Radio theme, Prehistoric, Racing",Roll / Spin and Move,"Animals: Dinosaurs, Game: Game of Life, Islands: Fictional, Movies: Jurassic Park",2022,6.4
Trick Raiders,Trick-taking with elimination: choose your lead cards wisely.,N2,,Southern Cross Games (サザンクロスゲームズ),3.0,4.0,15.0,30.0,22.5,10.0,,76,19,Uncategorized,Card Game,Trick-taking,,2022,7.1
Island of Flowers,A botanical matching puzzle game with a twist.,Frank (Wildcard Six),,(Web published),1.0,2.0,20.0,30.0,25.0,10.0,,1,3,Uncategorized,"Print & Play, Puzzle","Cooperative Game, Solo / Solitaire Game, Tile Placement",,2022,5.0
Dominion: Sammler-Box,Ultimative storage solution for your Dominion collection,Donald X. Vaccarino,"Eric J. Carter, Matthias Catrein, Elisa Cella, Julien Delval + 8 more",ASS Altenburger Spielkarten,2.0,4.0,30.0,30.0,30.0,13.0,,11,4,Uncategorized,"Expansion for Base-game, + 2 more","Deck, Bag, and Pool Building, Delayed Purchase, Hand Management, Take That, Variable Set-up",Game: Dominion,2020,8.5
Clue,An Amazon Alexa enabled adaptation of the classic board game whodunnit.,"Patrick Otley, Anthony E. Pratt",,Hasbro,2.0,6.0,40.0,40.0,40.0,8.0,1.0,141,25,Uncategorized,"Deduction, Murder/Mystery","Deduction, Grid Movement, Memory, Roll / Spin and Move","Creatures: Ghosts, Game: Cluedo / Clue (Parker Brothers, et al), Theme: Mystery / Crime",2019,5.9
Namiji: Deluxe Edition,Take to the sea and discover the hidden marvels of the Japanese coast.,Antoine Bauza,Xavier Gueniffey Durin,Funforge + 1 more,2.0,5.0,30.0,45.0,37.5,8.0,2.0,50,15,Uncategorized,Travel,"Point to Point Movement, Set Collection, Turn Order: Time Track, Variable Player Powers","Country: Japan, Crowdfunding: Kickstarter, Theme: Fishing / Angling",2022,7.7
Bellum Cretaceum,Rival cretaceous parks battle to be the one with more tourists,"Eneko Azedo, Leire Azedo, Ekain Bengoetxea",,(Self-Published),1.0,5.0,15.0,30.0,22.5,8.0,,1,0,Uncategorized,Card Game,"Hand Management, Open Drafting, Set Collection",Animals: Dinosaurs,2022,10.0
Disney: Mickey's Christmas Carol,Work together to tell the tale of Ebenezer Scrooge!,,,Funko Games,2.0,4.0,20.0,20.0,20.0,4.0,1.0,44,12,Uncategorized,"Children's Game, Movies / TV / Radio theme, Puzzle","Cooperative Game, Push Your Luck","Authors: Charles Dickens, Brands: Disney, Characters: Mickey Mouse, Holidays: Christmas",2022,6.5
National Lampoon's Christmas Vacation,Get ready for a good old-fashioned family Christmas!,,,Funko Games,2.0,5.0,20.0,20.0,20.0,8.0,1.0,44,9,Uncategorized,"Dice, Movies / TV / Radio theme",Push Your Luck,Holidays: Christmas,2022,6.3
High Frontier 4 All: Promo Pack 1 – The Station Pack,Eleven new promo cards for High Frontier.,"Phil Eklund, Justin Grey, Geoff Speare",,Ion Game Design + 1 more,1.0,5.0,,,,,1.0,7,7,Uncategorized,Expansion for Base-game,,,2022,7.9
,New tiles for Pax Viking.,,,Ion Game Design + 1 more,,,,,,,,2,2,Uncategorized,Expansion for Base-game,,,,8.0
,Promo cards for Vendel to Viking!,,Jon Manker,Ion Game Design + 1 more,,,,,,,,1,1,Uncategorized,Expansion for Base-game,,Crowdfunding: Spieleschmiede,,10.0
Dixit: Telekenesis Puzzle Promo Card,Swim in the dark water.,,"Marie Cardouat, Marina Coudray",Libellud,3.0,8.0,30.0,30.0,30.0,8.0,,4,0,Uncategorized,"Expansion for Base-game, + 2 more","Race, Simultaneous Action Selection, Storytelling, Targeted Clues, Voting",Game: Dixit,2022,5.5
Dixit: Richness Puzzle Promo Card,The wealth of knowledge.,,Marie Cardouat,Libellud,3.0,8.0,30.0,30.0,30.0,8.0,,4,0,Uncategorized,"Expansion for Base-game, + 2 more","Race, Simultaneous Action Selection, Storytelling, Targeted Clues, Voting",Game: Dixit,2022,5.5
Dixit: Resonance Puzzle Promo Card,Leave your steps .,,Marie Cardouat,Libellud,3.0,8.0,30.0,30.0,30.0,8.0,,4,0,Uncategorized,"Expansion for Base-game, + 2 more","Race, Simultaneous Action Selection, Storytelling, Targeted Clues, Voting",Game: Dixit,2022,5.5
Dixit: Red Mishmash Puzzle Promo Card,The race for a home.,,Marie Cardouat,Libellud,3.0,8.0,30.0,30.0,30.0,8.0,,4,0,Uncategorized,"Expansion for Base-game, + 2 more","Race, Simultaneous Action Selection, Storytelling, Targeted Clues, Voting",Game: Dixit,2022,5.5
Dixit: Queen of Owls Puzzle Promo Card,Fear the dark sun.,,"Marie Cardouat, Marina Coudray",Libellud,3.0,8.0,30.0,30.0,30.0,8.0,,4,1,Uncategorized,"Expansion for Base-game, + 2 more","Race, Simultaneous Action Selection, Storytelling, Targeted Clues, Voting",,2022,5.2
Dixit: Mermaid in Love Puzzle Promo Card,Fire and water.,,"Marie Cardouat, Marina Coudray",Libellud,3.0,8.0,30.0,30.0,30.0,8.0,,4,0,Uncategorized,"Expansion for Base-game, + 2 more","Race, Simultaneous Action Selection, Storytelling, Targeted Clues, Voting",Game: Dixit,2022,5.4
Dixit: Family Puzzle Promo Card,Use your cards wisely.,,Marie Cardouat,Libellud,3.0,8.0,30.0,30.0,30.0,8.0,,4,0,Uncategorized,"Expansion for Base-game, + 2 more","Race, Simultaneous Action Selection, Storytelling, Targeted Clues, Voting",Game: Dixit,2022,5.1
Dixit: Point of View Puzzle Promo Card,The dream of color.,,"Marie Cardouat, Marina Coudray",Libellud,3.0,8.0,30.0,30.0,30.0,8.0,,4,0,Uncategorized,"Expansion for Base-game, + 2 more","Race, Simultaneous Action Selection, Storytelling, Targeted Clues, Voting",Game: Dixit,2022,5.3
Dixit: Escape Puzzle Promo Card,New life born in heat.,,"Marie Cardouat, Marina Coudray",Libellud,3.0,8.0,30.0,30.0,30.0,8.0,,4,0,Uncategorized,"Expansion for Base-game, + 2 more","Race, Simultaneous Action Selection, Storytelling, Targeted Clues, Voting",Game: Dixit,2022,5.3
Where's Wally?: The card game,Find Wally before the other players!,,Marie Cardouat,Heraclio Fournier,1.0,99.0,,,,,,1,0,Uncategorized,"Children's Game, Real-time",Acting,Characters: Where's Waldo?,1990,5.0
Imperial Steam: Promo,New shipment tiles and a brand new city!,,,Capstone Games,2.0,4.0,120.0,120.0,120.0,12.0,,5,6,Uncategorized,Expansion for Base-game,,,2022,7.7
Dixit: Deliveries Puzzle Promo Card,Nature is hope.,,"Marie Cardouat, Marina Coudray",Libellud,3.0,8.0,30.0,30.0,30.0,8.0,,4,0,Uncategorized,"Expansion for Base-game, + 2 more","Race, Simultaneous Action Selection, Storytelling, Targeted Clues, Voting",,2022,5.2
Unlock!: Extraordinary Adventures,Solve puzzles to escape the worst in these video game-themed scenarios.,"Mathieu Casnin, Renaud Chaillat, Jack Gitz","Laurent Bazart, Cyrille Bertin, Neriac",Space Cowboys,1.0,6.0,30.0,60.0,45.0,10.0,2.0,75,22,Uncategorized,"Deduction, Puzzle, Real-time","Cooperative Game, Deduction, Scenario / Mission / Campaign Game, Storytelling","Category: Escape Room Games, Components: Digital Hybrid – App/Website Required, Misc: Limited Replayability, Series: Unlock! (Space Cowboys)",2022,7.5
Dixit: Chameleon Night Puzzle Promo Card,Feel the rainbow.,,"Marie Cardouat, Marina Coudray",Libellud,3.0,8.0,30.0,30.0,30.0,8.0,,4,0,Uncategorized,"Expansion for Base-game, + 2 more","Race, Simultaneous Action Selection, Storytelling, Targeted Clues, Voting",Game: Dixit,2022,5.3
Dixit: Blue Mishmash Puzzle Promo Card,The circle of seasons.,,Marie Cardouat,Libellud,3.0,8.0,30.0,30.0,30.0,8.0,,4,0,Uncategorized,"Expansion for Base-game, + 2 more","Race, Simultaneous Action Selection, Storytelling, Targeted Clues, Voting",Game: Dixit,2022,5.3
Dixit: Adventure Puzzle Promo Card,The weel of furtune.,,Marie Cardouat,Libellud,3.0,8.0,30.0,30.0,30.0,8.0,,4,0,Uncategorized,"Expansion for Base-game, + 2 more","Race, Simultaneous Action Selection, Storytelling, Targeted Clues, Voting",Game: Dixit,2022,5.2
応仁の天下 (Onin Tenka),The Onin war in Japan.,Masayoshi Imura,,Game Journal,3.0,4.0,,,,,,2,2,Wargames,"Medieval, Wargame",,Country: Japan,2022,7.0
Охотники,Family game in prehistoric period,,,Evrikus,2.0,6.0,30.0,30.0,30.0,6.0,,1,0,Uncategorized,"Children's Game, Prehistoric","Memory, Set Collection",,2021,4.0
Hunt A Killer: Mallory Rock,Solve a murder in a six-part mystery set on a small island off the Maine coast.,K.C. Chaney,,Hunt A Killer,1.0,5.0,900.0,2520.0,1710.0,14.0,,6,1,Uncategorized,"Deduction, Murder/Mystery, Puzzle","Cooperative Game, Deduction, Solo / Solitaire Game, Storytelling","Series: Hunt A Killer, States: Maine, Theme: Mystery / Crime",2022,6.1
The Last Tower,Capture your opponents’ tokens in towers while avoiding yours being captured by them!,Stefan Kramer,,(Web published),2.0,4.0,10.0,30.0,20.0,8.0,2.0,1,0,Uncategorized,"Abstract Strategy, Print & Play","Dice Rolling, Grid Movement, Stacking and Balancing",,2022,7.0
アリスと3つの鍵 (Alice and the 3 Keys),Players work together to help Alice collect three keys and escape from the Queen.,shio (塩),Minezaki Mameko (峰崎まめこ),Syoppai Games (しょっぱいゲームズ),1.0,4.0,20.0,30.0,25.0,8.0,,2,1,Uncategorized,"Card Game, Maze, Print & Play, Puzzle","Cooperative Game, Grid Movement, Hand Management, Paper-and-Pencil",,2022,6.5
Dixit: Detours Puzzle Promo Card,Find your own path.,,Marie Cardouat,Libellud,3.0,8.0,30.0,30.0,30.0,8.0,,4,0,Uncategorized,"Expansion for Base-game, + 2 more","Race, Simultaneous Action Selection, Storytelling, Targeted Clues, Voting",Game: Dixit,2022,5.2
UNO Ultimate: Add-on Pack – She-Hulk,She-Hulk deck for Uno Ultimate,Aaron Weil,The Marvel Bullpen,"Mattel, Inc.",2.0,4.0,10.0,30.0,20.0,7.0,,4,2,Uncategorized,"Expansion for Base-game, + 4 more","Events, Matching, Take That","Comic Books: Marvel Universe, Game: UNO, Theme: Superheroes",2022,7.6
Marijampolė,Players compete to build their vision of Marijampolė city.,Tomas Miliauskas,Tomas Miliauskas,SneakyBox,2.0,4.0,45.0,90.0,67.5,8.0,2.4,10,0,Uncategorized,"Card Game, City Building, Economic","Action Points, Events, Hand Management, Open Drafting, Simulation","Admin: Upcoming Releases, Mechanism: Tableau Building",2022,8.5
ウロボロスの傭兵 (Mercenary of Ouroboros),Winning tricks - where the winning card will be added to the hand of your opponent!,,,Animal WIP,2.0,2.0,15.0,15.0,15.0,12.0,,1,1,Uncategorized,Card Game,Trick-taking,,2022,3.0
Zero Hero,Try to avoid zero sums!,"Klaus-Jürgen Wrede, Ralf zur Linde",,Piatnik,2.0,4.0,15.0,25.0,20.0,8.0,1.5,42,7,Uncategorized,"Card Game, Math","Set Collection, Take That",Admin: Upcoming Releases,2023,6.3
老師敬服～正派対邪教～ (Master of Respect: Orthodox vs. Heresy),Leave your mark on the history of Wulin!,Kentaro Yazawa (矢沢 賢太郎),Takashi Yamauchi (山内貴司),Hoy Games,2.0,2.0,30.0,45.0,37.5,10.0,,7,2,Uncategorized,Card Game,"Area Majority / Influence, Contracts, Hand Management",,2022,6.1
Only One Collection,"Craft potions by set collection, drafting, and push your luck!",Muneyuki Yokouchi (横内宗幸),Osamu Inoue (井上磨),Ayatsurare Ningyoukan + 2 more,2.0,4.0,30.0,60.0,45.0,10.0,1.5,46,7,Uncategorized,Card Game,"Push Your Luck, Set Collection",,2022,7.1
Cruel Necessity (Deluxe Edition): The English Civil Wars 1640-1653,Challenging solo game: can Parliament prevail in the English Civil Wars?,John Welch,Sean Cooke,"Worthington Publishing, LLC",1.0,1.0,60.0,60.0,60.0,13.0,3.5,45,24,Wargames,"Civil War, Pike and Shot, Political, Religious, Wargame","Action Points, Campaign / Battle Card Driven, Dice Rolling, Events, Hand Management, + 4 more","Admin: Upcoming Releases, Country: England, Country: Ireland, Country: Scotland, Country: Wales, History: English Civil War, + 5 more",2023,8.5
Brain Storm,"Fast thinking, fast talking family trivia.",,,Off-Topic Games,4.0,99.0,30.0,60.0,45.0,12.0,,1,0,Uncategorized,Trivia,,,2022,9.0
Stranger Things: Upside Down,Kids of Hawkins work together to stop the evils from the Upside Down.,Rob Daviau,"Giovanna BC Guimarães, Henning Ludvigsen",CMON Global Limited + 4 more,2.0,4.0,60.0,60.0,60.0,12.0,2.11,490,115,Uncategorized,"Horror, Movies / TV / Radio theme",Cooperative Game,"Admin: Better Description Needed!, Admin: Upcoming Releases, Country: USA, Creatures: Demons, Creatures: Monsters, Decades: The 1980's, + 2 more",2023,7.5
Dungeon Degenerates: Tribulations at the Tunnel of Terror,A dungeon crawl module with exclusive card for Dungeon Degenerates.,Erick N. Bouchard,Sean Äaberg,Goblinko,,,,,,,,3,0,Uncategorized,Expansion for Base-game,,,2022,7.3
Disney Stitch: Merry Mischief! Card Game,"Can nice Stitch resist taking the gifts, or will naughty 626 steal Christmas?",,,Funko Games,2.0,6.0,15.0,15.0,15.0,5.0,,16,2,Uncategorized,"Card Game, Children's Game, Movies / TV / Radio theme","Dice Rolling, Push Your Luck, Set Collection","Brands: Disney, Creatures: Aliens / Extraterrestrials, Holidays: Christmas, Series: Stocking Stuffers (Funko), States: Hawaii",2022,5.6
"Planes, Trains and Automobiles",Do whatever it takes to get home in time for Thanksgiving dinner… or die trying.,,,Funko Games,2.0,2.0,20.0,20.0,20.0,12.0,,20,3,Uncategorized,"Action / Dexterity, Card Game, Movies / TV / Radio theme, Transportation","Cooperative Game, Flicking, Slide/Push","Cities: Chicago (Illinois, USA), Series: Stocking Stuffers (Funko)",2022,5.7
Blabbi,Come up with made-up words based on oddly-specific topic cards.,,,Blabel LLC,2.0,8.0,45.0,90.0,67.5,12.0,1.0,7,4,Uncategorized,"Card Game, Humor, Party Game, Word Game","Acting, Questions and Answers, Storytelling, Voting",Admin: Upcoming Releases,2022,10.0
Numbsters,Om nom nom… Numbsters are hungry!,Milan Zivkovic,Luke Flowers,Button Shy,1.0,1.0,10.0,10.0,10.0,8.0,1.17,266,86,Uncategorized,"Card Game, Print & Play","Hand Management, Solo / Solitaire Game","Containers: Wallets, Contests: Button Shy Game Design Contests and…, Crowdfunding: Kickstarter, Misc: No Table Needed, Players: Solitaire Only Card Games, Players: Solitaire Only Games, + 1 more",2023,7.4
Planepita,"Crokinole, but make it smaller. Oh, also add magnets.","Eisuke Fujinawa (藤縄英佑), Kazunori Hori (堀和紀)",Mizuki Toyama (遠山美月),SzpiLAB,2.0,4.0,20.0,20.0,20.0,6.0,1.67,19,3,Uncategorized,Action / Dexterity,"Area Majority / Influence, Flicking",Components: Magnets,2022,7.5
Probability Magic Kingdom Chess,"Chess, but let's roll dice.",Koichi Ooyama,Koichi Ooyama,Ooyama's Game (オーヤマゲーム),2.0,2.0,,,,9.0,,1,0,Uncategorized,"Abstract Strategy, Dice",,,2022,3.0
Summoner Wars (Second Edition): Khan Queso Promo Card,Can spread Plague across the battlefield.,,,Plaid Hat Games + 1 more,2.0,2.0,,,,,,21,7,Uncategorized,"Expansion for Base-game, + 3 more",,"Game: Summoner Wars, Players: Two Player Only Games, Promotional: Promo Cards",2021,8.2
Summoner Wars (Second Edition): Blacksaber Promo Card,Might treacher you on the battlefield for money.,,,Plaid Hat Games + 1 more,2.0,2.0,,,,,,22,7,Uncategorized,"Expansion for Base-game, + 3 more",,"Game: Summoner Wars, Players: Two Player Only Games, Promotional: Promo Cards",2021,8.0
G.I. Joe Deck-Building Game: Coldsnap Bonus Box #3,Beach Head joins the fight against Cobra.,Matt Hyra,,Renegade Game Studios,1.0,4.0,30.0,70.0,50.0,14.0,,18,4,Uncategorized,"Expansion for Base-game, + 2 more","Deck, Bag, and Pool Building, Dice Rolling","Game: G.I. JOE Deck-Building Game, Toys: G.I. Joe",2022,8.1
Star Wars: Shatterpoint,Create teams of Star Wars characters and pit them against each other in tense battles,Will Shick,Michal Ivan,Atomic Mass Games + 1 more,2.0,2.0,,,,,3.5,206,54,Uncategorized,"Miniatures, Science Fiction",Variable Player Powers,"Admin: Upcoming Releases, Movies: Star Wars",2023,8.1
Dat Hep Gestaan Op Feesboek,A humorous Dutch party game based on quotes form the internet.,,,Kuna Una Tuna Games,3.0,10.0,,,,16.0,1.0,5,3,Uncategorized,"Card Game, Humor, Party Game",Simultaneous Action Selection,,2021,6.7
Lost Ones: A Dark Path Micro Expansion,Micro Expansion that offers a new area to explore and 2 new enemies.,"Gordon Alford, Steven Preisman","Matt Forsyth, Paperhead",Greenbrier Games,1.0,4.0,,,,14.0,3.0,6,5,Uncategorized,"Adventure, Expansion for Base-game, Exploration, Fantasy, Horror","Cooperative Game, Hand Management, Map Addition, Modular Board, Multiple Maps, + 4 more","Crowdfunding: Kickstarter, Setting: Otherworld",2022,5.3
Halloween,Discover the haunted castle for candies in multiple game modes.,Gergő Darabont,,Korona Games,2.0,8.0,20.0,30.0,25.0,8.0,,2,0,Uncategorized,"Dice, Party Game",Set Collection,"Admin: Better Description Needed!, Holidays: Halloween",2022,5.5
Wild Island: My Father's Dragon,Set off on an epic trek around Wild Island and be the first one to save it!,Maja Milavec,"Cartoon Saloon, Clara de Frutos",Value Add Games,2.0,4.0,10.0,30.0,20.0,6.0,,6,4,Uncategorized,"Adventure, Maze, Movies / TV / Radio theme","Area Movement, Grid Movement, Race, Roll / Spin and Move",,2022,6.9
Διαίρεσις,Divide and conquer!,Kostas Toulikaroglou,Haris Bitsakakis,Kaissa Chess & Games,2.0,2.0,15.0,15.0,15.0,8.0,3.0,10,2,Uncategorized,Abstract Strategy,Area Majority / Influence,,2022,8.7
Kelp,"A head-to-head battle of wits, between octopus and shark.",Carl Robinson,Weberson Santiago,Wonderbow Games,2.0,2.0,45.0,60.0,52.5,12.0,2.4,38,49,Uncategorized,"Animals, Bluffing, Card Game, Dice, Environmental","Area Movement, Deck, Bag, and Pool Building, Dice Rolling, Hidden Movement","Admin: Upcoming Releases, Animals: Octopuses, Animals: Sharks, Components: Miniatures, Crowdfunding: Kickstarter, Digital Implementations: TableTop Simulator Mod…, + 1 more",2024,7.6
Era of Tribes: Grey Leader Variable Cost Module,Choose the moment wisely to strengthen your ranks.,Arne Lorenz,"Marc Exner, Radosław Jaszczuk, Arne Lorenz",Black Beacon Games,1.0,4.0,60.0,180.0,120.0,14.0,,2,1,Uncategorized,"Expansion for Base-game, + 5 more","Area Majority / Influence, Area Movement, Dice Rolling, Multiple Maps, Simulation, + 5 more",,2022,8.0
"Dune: Imperium – Piter, Genius Advisor Promo Card",Twisted Mentats are dangerous for both their masters and foes.,Paul Dennen,"Clay Brooks, Raul Ramos, Nate Storm",Dire Wolf + 7 more,1.0,4.0,60.0,120.0,90.0,24.0,2.0,124,49,Uncategorized,"Expansion for Base-game, + 4 more","Card Play Conflict Resolution, Deck, Bag, and Pool Building, Force Commitment, Increase Value of Unchosen Resources, Open Drafting, + 5 more",Game: Dune: Imperium,2022,8.3
Museum: Curator Pack,Museum Kickstarter Exclusives,"Eric Dubus, Olivier Melison",Vincent Dutrait,Holy Grail Games,2.0,4.0,30.0,60.0,45.0,12.0,,18,9,Uncategorized,"Expansion for Base-game, + 1 more","Open Drafting, Set Collection, Trading","Crowdfunding: Kickstarter, Series: Museum (Holy Grail Games)",2022,7.6
A Song of Ice & Fire: Tabletop Miniatures Game – Free Folk Attachments 1,Free Folk Attachments 1,,,"CMON Global Limited, Dark Sword Miniatures, Inc.",2.0,2.0,45.0,60.0,52.5,14.0,,1,0,Uncategorized,"Expansion for Base-game, + 4 more","Dice Rolling, Hand Management, Measurement Movement, Worker Placement","Books: A Song of Ice and Fire, Game: A Song of Ice & Fire – Tabletop Miniatures…, Players: Two Player Only Games",2019,7.0
A Song of Ice & Fire: Tabletop Miniatures Game – Golden Company Crossbowmen,The Golden Company Crossbowmen are available for hire.,,Stef Kopinski,"CMON Global Limited, Dark Sword Miniatures, Inc.",2.0,2.0,45.0,60.0,52.5,14.0,,5,0,Uncategorized,"Expansion for Base-game, + 4 more","Dice Rolling, Hand Management, Measurement Movement, Worker Placement","Books: A Song of Ice and Fire, Game: A Song of Ice & Fire – Tabletop Miniatures…, Players: Two Player Only Games",2019,8.2
A Song of Ice & Fire: Tabletop Miniatures Game – Golden Company Elephants,Golden Company Elephants,,,"CMON Global Limited, Dark Sword Miniatures, Inc.",2.0,2.0,45.0,60.0,52.5,14.0,,3,0,Uncategorized,"Expansion for Base-game, + 4 more","Dice Rolling, Hand Management, Measurement Movement, Worker Placement","Books: A Song of Ice and Fire, Game: A Song of Ice & Fire – Tabletop Miniatures…, Players: Two Player Only Games",2019,7.0
Змеи и лестницы: Бродилка (Snakes and Ladders: Adventure),A race for the mysterious crunchfruit.,Yaniv Kahana,"Maxim ""OLLAM"" Ermakov","GravitiX Games, Zvezda",2.0,5.0,20.0,20.0,20.0,7.0,,20,10,Uncategorized,"Animals, Children's Game, Racing",,"Components: Standees, Mechanism: Roll-and-Write, Theme: Anthropomorphic Animals",2021,9.1
Волк идёт! (The Wolf is Coming!),Get to Wolf's home in time to throw him a surprise party.,Anastasia Loginova,Olga Gumerova,Evrikus,2.0,4.0,30.0,30.0,30.0,5.0,,5,1,Uncategorized,"Animals, Children's Game",,"Components: Standees, Theme: Anthropomorphic Animals",2021,7.9
Air Mail: Promo Cards,Air mail : Promo cards,,,Ludonova,2.0,5.0,30.0,75.0,52.5,10.0,,3,4,Uncategorized,"Expansion for Base-game, + 3 more","Action Points, Connections, Network and Route Building, Pick-up and Deliver",Components: Map (Continental / National scale),2022,6.7
A Song of Ice & Fire: Tabletop Miniatures Game – Golden Company Swordsmen,Golden Company Swordsmen,,,"CMON Global Limited, Dark Sword Miniatures, Inc.",2.0,2.0,45.0,60.0,52.5,14.0,,3,0,Uncategorized,"Expansion for Base-game, + 4 more","Dice Rolling, Hand Management, Measurement Movement, Worker Placement","Books: A Song of Ice and Fire, Game: A Song of Ice & Fire – Tabletop Miniatures…, Players: Two Player Only Games",2019,8.3
Wargaming in History: The American Civil War,Revive the drama of the American Civil War!,Paul D. Stevenson,Robert J. Marrion,Argus Books,2.0,2.0,,,,,2.33,3,0,Wargames,"American Civil War, Book, Miniatures, Wargame",Line of Sight,"Books: Wargaming in History (Argus Books), Country: USA, History: Battle of Gettysburg, Players: Wargames with Rules Supporting Only Two…",1990,7.7
Reclaim,Draw polyominos and triangles. Sometimes color in the triangles.,Yusuke Sawaguchi,たかみまこと (Makoto Takami),Fudacoma Games,1.0,6.0,30.0,30.0,30.0,8.0,,4,1,Uncategorized,,Connections,Mechanism: Flip-and-Write,2022,6.8
Taco Cat Goat Cheese Pizza: FIFA World Cup Qatar 2022,Taco celebrate the World Cup with all new gestures and fun.,Dave Campbell (II),,"Blue Orange Games, Boardgame Space, PaperGames (III)",2.0,8.0,10.0,30.0,20.0,8.0,1.0,19,4,Uncategorized,"Card Game, Children's Game, Party Game, Real-time",Pattern Recognition,"Food & Drink: Cheese, Traditional Card Games: Snap",2022,7.2
Escape Room: The Game – Card Game: The Golden Solution,Alchemists work together to solve puzzles by cards in 12 chapters.,,,Identity Games International B.V.,2.0,4.0,60.0,60.0,60.0,10.0,1.5,25,7,Uncategorized,Puzzle,"Cooperative Game, Elapsed Real Time Ending","Category: Escape Room Games, Series: Escape Room – The Game (Identity Games…",2022,6.5
Milly Muffin,Listen carefully to help Milly save the butterflies from the raccoon!,Gunter Baars,"Markus Erdt, Michaela Rasch",Ravensburger,2.0,4.0,10.0,15.0,12.5,4.0,,3,1,Uncategorized,"Animals, Children's Game","Cooperative Game, Memory, Race, Roll / Spin and Move","Animals: Butterflies, Animals: Raccoons, Creatures: Unicorns, Series: Mini (Ravensburger)",2021,5.2
The Outsiders Expansion (fan expansion for Root),"Six new factions, two new maps, and a new deck for use with Root.",slugfacekillah,,(Self-Published),2.0,4.0,60.0,90.0,75.0,10.0,,13,3,Uncategorized,"Expansion for Base-game, Fan Expansion, + 3 more","Action Queue, Action Retrieval, Area Majority / Influence, Area Movement, Dice Rolling, + 5 more","Animals: Bats, Animals: Dogs, Animals: Frogs / Toads, Animals: Snakes, Animals: Turtles, Components: Control Boards, + 4 more",2021,9.5
Het verloren meesterwerk,Buy smart to create the most worthy modular artpiece.,Niek van den Brink,Johan van Dijk,The Gamefantry,2.0,4.0,20.0,20.0,20.0,7.0,,1,0,Uncategorized,"Bluffing, Puzzle","Auction: Sealed Bid, Pattern Building",Theme: Art,2021,7.0
Quipu,Wrap strings around the pushpins sticking your answers into the board.,イケ (IKE),,ひとじゃらし (Hitojarashi),3.0,6.0,20.0,90.0,55.0,12.0,,1,0,Uncategorized,"Party Game, Word Game",,,2022,8.0
Las Mañas del Poder,Play as a mexican politician and cheat to your victory.,,,(Self-Published),3.0,6.0,20.0,40.0,30.0,16.0,,8,1,Uncategorized,Political,Take That,,2022,6.9
Komorebi Parade,Cute animals are having a music parade.,Emi Kuji,ことり寧子 (Kotori Neiko),KUJIRADAMA,2.0,4.0,30.0,45.0,37.5,8.0,,9,2,Uncategorized,Animals,"Set Collection, Tile Placement",,2022,7.2
Łukasiewicz: Nafta i Gaz,Build an oil empire in 19th century Galicia.,Karol Madaj,,Fundacja PGNiG,2.0,5.0,30.0,60.0,45.0,12.0,,2,0,Uncategorized,"Economic, Industry / Manufacturing","Commodity Speculation, Hexagon Grid, Income, Tile Placement, Worker Placement, Different Worker Types","Region: Galicia (Eastern Europe), Theme: Oil / Gas / Petroleum",2022,7.0
Never Mind The Billhooks: Wargaming Late Medieval Small Battles and Big Skirmishes – Deluxe,Fast-play historical wargaming for small battles & large skirmishes.,Andy Callan,,Wargames Illustrated,2.0,6.0,60.0,120.0,90.0,12.0,,8,7,Wargames,"Book, Medieval, Miniatures, Wargame","Dice Rolling, Line of Sight, Measurement Movement, Scenario / Mission / Campaign Game, Simulation","History: Burgundian Wars, History: Hundred Years Wars, History: The Italian Wars, History: Wars of the Roses",2022,9.1
Pop It!: PRO,Pop all the lit bubbles as soon as they appear.,Dan Klitsner,,Buffalo Games,1.0,6.0,5.0,30.0,17.5,5.0,,1,0,Uncategorized,Electronic,Pattern Recognition,,2022,7.0
Troia! Una Guerra di Eroi,Strategic level wargame which simulates the Trojan War.,"Nicola Contardi, Silvio ""Woll"" Vecchio","Peter Connolly, Nicola Contardi, Franz Josef Karl Edler von Matsch, Giulia Tinti","Aleph Game Studio, Europa Simulazioni",2.0,2.0,120.0,240.0,180.0,12.0,2.0,10,4,Wargames,"Ancient, Mythology, Wargame","Action Points, Dice Rolling, Point to Point Movement, Simulation","History: Trojan War, Magazine: Parabellum, Mythology: Greek, Players: Two Player Only Games, Players: Wargames with Rules Supporting Only Two…, Region: Aegean Sea, + 1 more",2022,7.8
House Pets vs Aliens,"A twist on the classic card game, War, where every player has their own unique deck.",Nick Seluk,Nick Seluk,(Self-Published),2.0,4.0,30.0,45.0,37.5,6.0,,3,2,Uncategorized,"Animals, Card Game","Trick-taking, Tug of War","Creatures: Aliens / Extraterrestrials, Crowdfunding: Kickstarter",2022,3.0
Disney Princess: Enchanted Forest,Find the princesses that got lost in the forest.,"Michel Matschoss, Alex Randolph",,Ravensburger,2.0,4.0,15.0,20.0,17.5,6.0,,1,1,Uncategorized,"Children's Game, Exploration, Memory, Movies / TV / Radio theme","Memory, Roll / Spin and Move","Brands: Disney, Series: Enchanted Forest",2022,6.0
Trail up!,"Trail running race: choose your path, manage your effort and gear, slow down others.",,,(Self-Published),1.0,4.0,25.0,60.0,42.5,10.0,1.0,6,1,Uncategorized,Sports,"Race, Solo / Solitaire Game, Team-Based Game",,2022,7.8
I'm Not a Human,Try to pass as a robot in this association guessing game!,Alexandr Ushan,Kristina Soozar,Hobby World,3.0,8.0,30.0,30.0,30.0,12.0,2.0,10,1,Uncategorized,"Bluffing, Deduction, Humor, Party Game, Spies/Secret Agents","Acting, Communication Limits, Roles with Asymmetric Information, Targeted Clues, Voting","Admin: Upcoming Releases, Players: One versus Many, Theme: Robots",2022,5.8
Durch's Ländle,Travel through Upper Swabia answering questions.,Kurt Gärtner,,"(Unknown), Druckerei Kleb",2.0,6.0,,,,12.0,,1,1,Uncategorized,Travel,"Point to Point Movement, Questions and Answers, Roll / Spin and Move",Country: Germany,1996,7.0
Coup: Bureaucrat Promo Card,Add a Brief Description,Rikki Tahta,,Indie Boards & Cards,2.0,10.0,10.0,20.0,15.0,14.0,1.0,9,9,Uncategorized,Expansion for Base-game,"Memory, Player Elimination, Take That, Variable Player Powers","Digital Implementations: Board Game Arena, Setting: Dystopian Universe (Indie Boards & Cards)",2017,7.9
Funkenschlag: Orakel,Add a Brief Description,Friedemann Friese,"Lars-Arne ""Maura"" Kalusky",W. Nostheide Verlag GmbH,2.0,6.0,120.0,120.0,120.0,12.0,,2,1,Uncategorized,"Expansion for Base-game, + 2 more","Auction/Bidding, Network and Route Building","Game: Power Grid, Magazine: Spielbox, Promotional: BGG Store Promos, Promotional: Promo Cards",2013,5.5
Coup: Promo Bufão & Burocrata,Add a Brief Description,Rikki Tahta,Luis Francisco,Grok Games,2.0,10.0,10.0,20.0,15.0,14.0,,3,0,Uncategorized,Expansion for Base-game,"Memory, Player Elimination, Take That, Variable Player Powers",Setting: Dystopian Universe (Indie Boards & Cards),2020,8.0
Кто украл репку? (Who Stole the Turnip?),Turnip suddenly dissapeared and you need to find out why!,Tatiana Zadorozhniaya,Tatiana Zadorozhniaya,Hobby World,2.0,6.0,20.0,30.0,25.0,6.0,,7,0,Uncategorized,Children's Game,"Dice Rolling, Set Collection","Admin: Upcoming Releases, Animals: Chickens, Components: Standees",2022,5.7
ミスト (Mist),The Mist is a psychological horror novella by American author Stephen King,sugech (スゲちゃん),,(Web published),4.0,4.0,30.0,45.0,37.5,,,1,0,Uncategorized,Card Game,Trick-taking,,2017,6.5
Donjon & Procrastination,Summon characters and creatures to win the tournament!,"Romwald Bogun, Raphaël Bourez",Romwald Bogun,(Self-Published),2.0,6.0,10.0,30.0,20.0,8.0,,2,2,Uncategorized,Fantasy,"Card Play Conflict Resolution, Rock-Paper-Scissors",,2022,9.5
Kampf gegen das Spiessertum: Tabubruch Erweiterung,One ticket to hell please!,Angela Vögtli,,Kampfhummel Spiele GmbH,3.0,10.0,30.0,500.0,265.0,18.0,,7,1,Uncategorized,"Card Game, Humor, Mature / Adult, Party Game","Hand Management, Player Judge, Simultaneous Action Selection",,2022,7.9
Kampf gegen das Spießertum: Aluhut-Erweiterung,Get your tinfoil hat ready.,Angela Vögtli,,Kampfhummel Spiele GmbH,3.0,10.0,30.0,500.0,265.0,18.0,,8,0,Uncategorized,"Card Game, Humor, Mature / Adult, Party Game","Hand Management, Player Judge, Simultaneous Action Selection",Mechanism: Judging Games,2021,7.8
Capital Campaign,"Run one of ten unique nonprofits, hire staff, seek support, have the greatest impact.",James L. Peters,James L. Peters,Six by 9 Games,2.0,4.0,80.0,160.0,120.0,13.0,4.25,11,6,Uncategorized,,"End Game Bonuses, Set Collection, Simulation, Variable Player Powers, Variable Set-up, + 2 more","Category: Print-on-Demand, Crowdfunding: Game Crafter Crowd Sale",2022,9.3
Tally-Ho!,It's squadron versus squadron in 15 separate Battle of Britain matchups!,Thomas Van Hare,Thomas Van Hare,Historic Wings,1.0,1.0,15.0,45.0,30.0,10.0,2.5,19,11,Wargames,"Aviation / Flight, Book, Political, Wargame, World War II","Action Drafting, Action/Event, Dice Rolling, Events, Hexagon Grid, + 3 more","Country: England, Country: Germany, History: World War II (Battle of Britain), Players: Solitaire Only Games, Players: Solitaire Only Wargames, Players: Wargames with Solitaire Rules, + 1 more",2022,8.2
What Am I?,Find the item the opponent has in twenty questions.,,,Lagoon Games,2.0,99.0,,,,8.0,1.0,3,1,Uncategorized,Party Game,Questions and Answers,Traditional Games: 20 Questions,2011,2.7
,A nostalgic dungeon crawler board game.,Benjamin Brinckmann,Valbona Anataskovsk,(Self-Published),1.0,5.0,45.0,90.0,67.5,14.0,,4,6,Uncategorized,"Adventure, Exploration, Fantasy, Fighting, Medieval","Action Points, Cooperative Game, Dice Rolling, Line of Sight, Modular Board, Role Playing","Admin: Upcoming Releases, Category: Dungeon Crawler, Components: Standees, Players: One versus Many",,7.5
Yin Yang: Mini Expansion,Players gain special privilege by visiting the Emperor in the Capital.,DuGuWei,Carton,BGNations,1.0,4.0,,,,,,1,1,Uncategorized,Expansion for Base-game,,,2019,7.0
Ciadèl,"Five hordes of boars try to conquer Cuneo and impose their ""bagna caoda"" recipe.","Enrico Dovetta, Luca Giraudo, Ivan Grandona",Alfredo Dellavalle,Demoela Giochi,3.0,5.0,90.0,120.0,105.0,12.0,,1,0,Uncategorized,"Humor, Territory Building, Wargame","Area Movement, Dice Rolling, Player Elimination","Animals: Pigs, Region: Piedmont (Italy), Series: Risk-Like",2021,6.5
Tokyo Poo Divers,A crap game with some depth. Push your luck in Tokyo!,Thade Precht,,Heldbergs Games,2.0,4.0,20.0,30.0,25.0,12.0,,9,4,Uncategorized,"Abstract Strategy, Humor",Push Your Luck,"Cities: Tokyo (Japan), Country: Japan",2022,6.6
The How I Survived Game,Creatively describe how you would use unexpected props to survive wacky scenarios!,,,MindWare,4.0,99.0,15.0,45.0,30.0,8.0,,1,1,Uncategorized,"Card Game, Humor, Party Game","Player Judge, Real-Time, Storytelling",,2020,6.0
Sláine: Kiss my axe!,Minature wargame in the world of 2000AD's Sláine.,Andy Chambers,Simon Bisley,Warlord Games,2.0,8.0,60.0,240.0,150.0,12.0,2.0,4,2,Wargames,"Fantasy, Miniatures, Wargame","Dice Rolling, Scenario / Mission / Campaign Game, Turn Order: Random",Setting: 2000 AD (Warlord Games),2022,6.5
Monopoly Secret Vault,Monopoly with a secret vault - try to guess the code!,,,Hasbro,2.0,6.0,15.0,120.0,67.5,8.0,,5,2,Uncategorized,"Economic, Industry / Manufacturing","Negotiation, Roll / Spin and Move",Game: Monopoly (Official),2022,6.0
Dice War,"A war-style, dice rolling, action-card playing, battle to the final point!",,,Cherry Bomb Table Games,2.0,5.0,25.0,40.0,32.5,8.0,,2,1,Uncategorized,Dice,Dice Rolling,,2022,7.5
Mochileros,Descubre y colecciona Chile de manera única.,Manuel De Urruticoechea,Manuel De Urruticoechea,Morsa Games,2.0,4.0,40.0,80.0,60.0,8.0,,6,0,Uncategorized,"Educational, Exploration, Travel",Set Collection,,2022,7.2
Chameleon,Roll the best combination to let chameleons thrive.,,,The Gamefantry,2.0,4.0,,,,7.0,,2,0,Uncategorized,Dice,Dice Rolling,Animals: Chameleons,2020,6.3
Flashback,Detectives work together to solve a '90 theme murder mystery.,,,The Deadbolt Mystery Society,1.0,4.0,120.0,180.0,150.0,13.0,,1,2,Uncategorized,"Deduction, Murder/Mystery","Cooperative Game, Solo / Solitaire Game","Category: Escape Room Games, Components: Digital Hybrid – App/Website Required, Theme: Mystery / Crime",2022,10.0
Insert Coin,Detectives work together to solve a murder mystery in an arcade.,,,The Deadbolt Mystery Society,1.0,6.0,60.0,90.0,75.0,13.0,,2,2,Uncategorized,"Deduction, Murder/Mystery","Cooperative Game, Solo / Solitaire Game","Category: Escape Room Games, Components: Digital Hybrid – App/Website Required, Theme: Mystery / Crime",2022,8.5
Initiation,Detectives work together to solve a murder mystery at Valley Falls PD.,,,The Deadbolt Mystery Society,1.0,6.0,120.0,180.0,150.0,13.0,,1,3,Uncategorized,"Deduction, Murder/Mystery","Cooperative Game, Solo / Solitaire Game","Category: Escape Room Games, Components: Digital Hybrid – App/Website Required, Theme: Mystery / Crime",2022,9.0
Murder at Cape Anna,Detectives work together to solve a murder mystery at Cape Anna.,,,The Deadbolt Mystery Society,1.0,4.0,120.0,180.0,150.0,13.0,3.0,1,4,Uncategorized,"Deduction, Murder/Mystery","Cooperative Game, Solo / Solitaire Game","Category: Escape Room Games, Components: Digital Hybrid – App/Website Required, Theme: Mystery / Crime",2022,10.0
Follow the Leader,Detectives work together to solve a murder mystery in Valley Falls.,,,The Deadbolt Mystery Society,1.0,4.0,120.0,180.0,150.0,13.0,,1,2,Uncategorized,"Deduction, Murder/Mystery","Cooperative Game, Solo / Solitaire Game","Category: Escape Room Games, Components: Digital Hybrid – App/Website Required, Theme: Mystery / Crime",2022,10.0
Monster Mash,Detectives work together to solve a murder mystery in Valley Falls.,,,The Deadbolt Mystery Society,1.0,4.0,120.0,180.0,150.0,13.0,,2,2,Uncategorized,"Deduction, Murder/Mystery","Cooperative Game, Solo / Solitaire Game","Category: Escape Room Games, Components: Digital Hybrid – App/Website Required, Theme: Mystery / Crime",2022,8.0
The Unmarked Grave,Detectives work together to solve a murder mystery in Valley Falls.,,,The Deadbolt Mystery Society,1.0,6.0,120.0,180.0,150.0,13.0,,2,2,Uncategorized,"Deduction, Murder/Mystery","Cooperative Game, Solo / Solitaire Game","Category: Escape Room Games, Components: Digital Hybrid – App/Website Required, Theme: Mystery / Crime",2022,8.5
Magna Roma: Deluxe Obelisk Monument,Build an obelisk when building your city in ancient Rome,Matteo De Nardis,"Jose David Lanza Cebrian, Sara Stanoeska",Archona Games,1.0,4.0,30.0,90.0,60.0,12.0,,15,6,Uncategorized,"Expansion for Base-game, + 3 more","End Game Bonuses, Highest-Lowest Scoring, Open Drafting, Pattern Building, Solo / Solitaire Game, + 3 more","Ancient: Rome, Crowdfunding: Kickstarter, Digital Implementations: Tabletopia",2022,7.6
Hunt A Killer: Off the Record,Detectives work together to solve a political murder mystery.,,,Hunt A Killer,1.0,6.0,90.0,180.0,135.0,13.0,,1,0,Uncategorized,"Deduction, Murder/Mystery",Cooperative Game,"Series: Hunt A Killer, States: Arizona",2021,2.0
Hunt a Killer: Blair Witch – Season 2,Detectives work together to solve a new mystery in Burkittsville.,,,Hunt A Killer,1.0,6.0,90.0,180.0,135.0,13.0,,4,1,Uncategorized,"Deduction, Horror, Murder/Mystery",Cooperative Game,Series: Hunt A Killer,2021,6.5
Hunt A Killer: Vindication,Detectives work together to solve the murder mystery of a husband and son.,,,Hunt A Killer,1.0,6.0,90.0,180.0,135.0,13.0,,2,0,Uncategorized,"Deduction, Murder/Mystery",Cooperative Game,Series: Hunt A Killer,2018,5.5
ひぐらしのなく頃に－我－ (Higurashi When They Cry: Ware),"""How to Become an Emperor in 5 Days"" set in the world of Higurashi When They Cry",あまおち総統 (Amaochi Rin),,AHC,4.0,12.0,20.0,40.0,30.0,14.0,,1,0,Uncategorized,Deduction,"Hand Management, Simultaneous Action Selection",,2019,5.0
Beat That!: Household Objects Expansion,The bonkers battle of wacky challenges!,,,Gutter Games,2.0,8.0,40.0,90.0,65.0,9.0,,4,1,Uncategorized,"Expansion for Base-game, + 1 more",Acting,,2021,6.5
한글날 (Hangulnal),Learn Korean characters.,,,Magic Bean Games + 1 more,2.0,4.0,20.0,20.0,20.0,6.0,,3,1,Uncategorized,"Educational, Word Game",,,2022,7.8
Box of Cats,Adopt cats and play with their special abilities. Light strategy and party game,Perus Saranurak,,Wizards of Learning,2.0,5.0,20.0,20.0,20.0,8.0,,4,1,Uncategorized,"Animals, Card Game, Humor, Party Game","Action Points, Hand Management, Take That",Animals: Cats,2022,8.9
Star Wars: The Mandalorian – La busqueda,"Equipa de armamento a tu personaje favorito de Mandalorian, arma tu estrategia y saca",,,Novelty Corp,2.0,6.0,30.0,30.0,30.0,12.0,,6,1,Uncategorized,Action / Dexterity,"Area Movement, Dice Rolling",Movies: Star Wars,2021,7.2
Leonardo da Vinci's Codex Leicester,Feel the strong interaction. Be the first player who completes the inventions!,"Changhyun Baek, Flaminia Brasini, Virginio Gigli, Stefano Luperto, Antonio Tinto",Seongho Lee,DiceTree Games + 2 more,1.0,5.0,30.0,150.0,90.0,14.0,3.11,60,29,Uncategorized,"Book, Industry / Manufacturing, Renaissance","Area Majority / Influence, Worker Placement","Cities: Florence (Tuscany, Italy), Components: Wooden pieces & boards, Country: Italy, Historical Figures: Leonardo da Vinci, Theme: Science",2023,8.1
Tri*T*Area,A may-follow trick-taking game with unique area control.,Masaru Ikeda (池田勝),Masaru Ikeda (池田勝),iop games (イオピーゲームズ),1.0,4.0,45.0,60.0,52.5,10.0,,14,6,Uncategorized,Card Game,"Area Majority / Influence, Trick-taking",,2022,6.4
